标题,情绪,情绪分数
公司目前前2大股东均为山西省国资委的公司，股份占比54.78%。前十大股东持股比,False,0.12065570363526312
仔细看了北铜历史，2021年前叫南风化工，也是山西国资委控股，当时大股东就是现在,True,0.9754410302250272
铜长期短缺,True,0.8438377694717777
铜价利好,False,0.4737672181921908
紧急集合！重大调整,False,0.32828507196845025
北方铜不要忘了他下面的北铜新材，好好读一下人家是做什么的。有色总龙头，有色只做北,True,0.7805687259171222
【铜价狂飙专家预言铜将冲破天价】著名商品交易商皮埃尔·安杜兰德大胆预测，铜价将达,True,0.9999294918938894
北方铜业与江西铜业云南铜业完全不同，不仅有采矿，更有精加工，而且精加工产品是市场,True,0.7049727057366882
沪铜期货今年2月初以来5浪上涨结束了。突破了历史高点开始进入震荡调整阶段，以时间,True,0.9630455200305561
北铜新材料科技公司，主营产品除了覆铜板，铜膜，还有各种厚度，型号压延铜箔和电解铜,True,0.9250669259515736
11年未分红注意控制风险,False,0.3443499853685873
SUM大涨！,True,0.6767637719271541
季月线看不复权07，15，21年算今年4重顶，如果13.88冲不破那彻底凉凉，北,False,0.1539823660972085
北方铜业能否走出象300641趋势来，给股友带来惊喜,True,0.6797608889099992
周六美股收盘南方铜业又涨了↑,True,0.7775917729388621
尾盘进去的资金是不是主力,False,0.24024458541642357
下周必上13，不信走着瞧,False,0.32369843186429315
周一惨了。暴跌,True,0.8271140590339812
感觉没有上涨空间！板块上不去一切都是梦想,True,0.5140355802136817
高位有色股将要迎来月线级别的调整，此股我在13.30出了8成仓位，周五冲高清仓剩,False,0.004509445290569625
下周一收涨停板。,True,0.55675528798278
下周可以继续进场了，地产飞车暂时歇会儿，北铜上次冲高回落，周五稳定些了，该走平上,True,0.9596247899435717
这二天大盘下挫的原因找到，出台了严格的减持新规，但对优质公司影响不大。市场往价值,True,0.7802415019868019
今年是有色大年，放心,False,0.36924024938630884
买有色的人跟买人工智能的让一样累，不但要关注股票和消息，还要关注期货和英伟达。,False,0.2806823772320699
$北方铜业(SZ000737)$,False,0.29699965546082707
这种市场就是时刻提防顶部出现，前天就感觉要出现岛形。不过周五把缺口补上了，不然岛,False,0.2964544522250536
岛形已经消失，静观其变吧。昨天要是真下去彻底没戏了,True,0.7274580997634712
谁怀疑北铜，就赶快离开股市[大笑],True,0.9734545130114081
昨天没走，感觉周一还有一轮,True,0.593653143587269
三连阴后放量首阳，周一有红盘机会，关注,True,0.8509512481261275
唱多的太多，周一不保,True,0.620839325183698
期货才开始跌，此股不再街区了,False,0.09449128931936135
周一谁也逃不掉,False,0.27941141167953865
希望是今年的10倍股,False,0.17561429523572336
亏死我了，呜呜呜，,False,0.338381380637765
可以举报,False,0.4285714285714284
铜业龙头应该换了,False,0.1036023049132967
呜呜呜，亏死我了,False,0.338381380637765
跟踪,False,0.2500000000000001
一路攀登。 韭菜不足以改变趋势。,True,0.9531030907906871
北方铜业：其他收益增长主要是2024年一季度公司收到进口贴息专项资金,True,0.9723029990995447
北方铜业午盘点评！,False,0.2735259349781618
【知名对冲基金经理皮埃尔·安杜兰：铜价将飙升至每吨4万美元】5月24日消息，对冲,True,0.9811615069097637
北铜是有色金属的扛大旗者！如果北铜嘎掉的话，整个板块都没戏了。耐心等北铜调整完毕,True,0.9175010503042975
5月23日热门股点评：,False,0.19299989329280365
铜价将飙升至每吨4万美元，知名对冲基金经理皮埃尔·安杜兰,True,0.9986883497078716
5月24日消息，为加强对证券公司提供投资价值研究报告执业行为自律管理，防范利益冲,True,0.9530591012478221
除了中国大规模更换工业设备、家电、汽车、手机和美国大规模更换电力设备需要很多铜以,True,0.9625793931703646
覆铜板涨价概念了，今天上涨的原因是覆铜板提价了,True,0.5671609978967939
这么多老鼠仓，到底想干嘛,False,0.04281935870487774
慢爬式上升，终有结束的时候,False,0.2782162996321035
今天不跌反涨，原来世界铜库存严重不足，铜需求急剧增加了。,True,0.9975944235998796
北铜新材在秘密研制“二向箔”！,True,0.993556258573035
下周又到了边涨边减仓的欢乐时刻，翻倍了要勇于卖，错过5月21日的卖点,False,0.07828486177497362
哎，没卖掉到高点，把昨天进的先出了。,False,0.08300184285333911
今晚期货银又涨了,True,0.8973799108429965
$北方铜业(SZ000737)$,False,0.29699965546082707
诱多[滴汗],True,0.8135873836249917
没人气了,False,0.40893457485484286
转发,False,0.5
赶紧跑啊,False,0.30138014171686756
两个涨停,True,0.5175298062310599
东方财富网股吧社区内容治理公告,False,0.3165155285043616
谁来跟我辨析，北方铜业不是真面目的龙头！,False,0.18267952709989932
这一个亿的打板资金是真牛.大家给10万手哥点点赞[呲牙],True,0.9887039385231642
这几个月应该都是炒涨价概念，金属，化工，高铁，猪肉，水电，原材料很多涨价很厉害，,True,0.9493141688591542
北方铜业重组后首次现金分红 一季度营收净利双增长,True,0.5415707152394295
北方铜业：2023年归母净利润6.19亿元 同比增长11.56% 拟10派1元,True,0.7351451418633836
北方铜业一季度营收同比增长112.78%,False,0.46691979935850403
新一次浪潮即将涌现，既是告诫，也是明灯！,True,0.9207438243222463
 尊敬的董秘您好，子公司北铜新材公司生产的高性能压延铜带箔和覆铜板是否可以用于集,True,0.9914697749289857
董秘你好，经过近20年的发展，公司已成长为我国华北区域最大的阴极铜供应商。根据碧,True,0.999805517390509
发行新股时的市净率10倍的民生银行现在的市净率0.31,False,0.17716312726011973
就未分配利润而言。这股价没有任何风险。长线持有分红比存银行强太多,False,0.029384491798960966
中国的银行股，稳定的股息，得到越来越多投资者的认可。多年以来，在舆论的错误引导下,True,0.9901673431245047
民生银行中期分红0.3，，然后特别分红0.4,True,0.777446820471904
每次来这里咋心如刀割，买了十几个银行股个个都吃一口红烧肉，肥牛离开的，就你让咋带,False,0.07435288786806515
下周见到4.1+,False,0.4892513945757535
3月底4元附近卖了10%，一直等回调3.7到3.6，就没等到[滴汗][滴汗][滴,False,0.0005619249092382317
民生银行跟兴业银行、浦发银行没法比！,False,0.00583470610726744
4.51[吃瓜],False,0.4737672181921908
民生银行：融资净买入210.69万元，融资余额38.9亿元（05-24）,True,0.9951870450009649
回血失败，民生银行困兽犹斗,False,0.35231505684968334
又一家银行对协定存款下手！银行压降负债成本进入“深水区”,False,0.028727691105403297
民生银行股价落后于农行百分之十了，加油干！,True,0.7225702495822806
大宗交易：民生银行成交1194万元，成交均价3.98元（05-24）,False,0.09935656415964589
钱在民生手里没什么效益，不如早点分红大家算了,True,0.8618554979634262
神啊，4.02让我成功卖掉吧。,False,0.354760602170346
[大笑]150050010004900下周见，大家一起做T,True,0.8495166633479875
民生银行：融资净买入1577.77万元，融资余额38.88亿元（05-23）,True,0.9951870450009649
[大笑]今天T狗踩踏，都想做T,True,0.9851078187392733
别的银行都在创新高。这垃圾无敌焉,True,0.77686627608347
下来容易上去难,False,0.48365530667329815
“515”后银行继续压降“高息”对公协定存款 民生银行最新调整三类产品 后续或有更多银行跟进,False,0.04369587748444215
民生银行市净率最低,False,0.4112457030275589
【读财报】上市银行数字金融透视：信息科技投入普增 中信、民生银行增速快,True,0.9999994580117277
破净股数据[24/05/23],False,0.1428770010655268
挂单4.02卖，不知明天能不能如愿。,False,0.06085725058368785
明天会涨,True,0.5026546869308217
今天算不错了在这里太多了散户，成本从4.9搞到4.06能分红就好，已经不算差,False,0.008819291757412917
民生最差的境遇已经过去，相比于其它银行，这一轮涨幅明显偏弱，该补涨了,False,0.4510229841483079
民生银行：融资净偿还1830.81万元，融资余额38.72亿元（05-22）,True,0.9856987970949229
应有一个创新高的梦,True,0.8306056204566835
拿着行业最高薪酬，投入行业最高资金搞科技，却做出行业最差业绩！不禁让人怀疑该行高,True,0.9999217799489901
401,False,0.5
争议性股票被恒大窝害太深，舍不得割几千股就算支持恒大咯,True,0.9371194886538123
东方财富网股吧社区内容治理公告,False,0.3165155285043616
民生银行“老将”丛军拟接棒民生理财董事长 民生理财管理产品规模已破1万亿,True,0.9777550452738835
12元净资产回到6元不过分吧[上涨][上涨][大笑][大笑][大笑][主力][主,False,0.0030959749436785255
批准中期分红，4块的民生银行股息率将达8%以上。,False,0.03125414048284303
这样的股票最好了，很适合做T、做波段，无风险套利。,True,0.978628373857317
一年后突破7.7高地,True,0.961956689028312
最后十分钟，神仙打架了。好事情，这股终于有人说不了。,True,0.5436027133367194
港股从2.4到3.2涨8毛三分之一了。A只涨了4毛，十个点，严重落后啊,False,0.008281081941221236
民生银行助力2024年国际中体联足球世界杯 盛大开幕,True,0.613476046994561
破净股数据[24/05/22],False,0.1428770010655268
明天4.03开始建仓了[微笑],False,0.392672189730742
银行股回升到10倍市盈率，才进入牛市行情。10倍市盈率股票\年回报永比存款利率和,True,0.9784579586626994
民生净资产都有12元，要翻倍,False,0.3155390510404824
今天4.04没卖出去，明天感觉会调整了,False,0.24570598323636816
14.5奶奶的,True,0.5939889282141876
今天吃错药了，这么硬,True,0.5356817245016918
兴业资管《关于泛海控股集团36.35亿元债权资产的招商公告》,False,0.3564487725676765
民生银行:H股公告-董事会会议召开日期,False,0.06489654797306821
四年了，相对前住业绩每年都是跨了一半。还甩锅前任，这面皮赛过城墙厚。,False,0.3756417945721522
民生银行正走在正确的道路上,True,0.959839785789316
民生银行一季度营收净利润双降：今年被罚超600万，合规备受考验,True,0.9662047044655991
既来之，则安之，民生银行我来了。欢迎我们的从军带头大哥,True,0.6998132381786047
留存收益，如果不能转化为市值，将利润留下，对股东来说，就没有任何意义。应该提高分,True,0.9284269808339798
按照巴菲特的观点，留存收益，如果不能转化为市值，将利润留下，对股东来说，就没有任,True,0.9988854945118836
吧里那几个明显机器人，要么就是股托唱多,True,0.8326055456993623
巴菲特提醒投资者说了,True,0.9974509292502605
民生银行要涨停随时拉板！,True,0.6440609640695292
"18元时122万户,11元时75万户,3.3元时40万户,涨到4元33万户",True,0.882954561304259
民生银行底部磨了一年一年又一年，整整三年，新行长任职资格也确认，可以放手大干了，,False,0.010548463877917857
高迎欣就是拿高新不会炒菜的厨师长，厨师们谁会服,False,0.03819218624091847
民生银行:中国民生银行关于诉讼事项进展的公告,True,0.9588641540532556
3.92元买的每股净资产12.43元+拨备2.23+应收款8.22+商誉1.22,True,0.6265327292970345
"4月5日在美丽坚上市银行的市盈率,市净率,每股收益,每股净资产 印度私营HDFC",False,0.45424878531245316
买银行股前需要读懂的一些重要财务知识,True,0.883927902613686
让3年半收益率冠军的成都银行收购兼并3年半倒数后3名的民生银行,False,0.08885884910276654
"外国资本可以持有银行100%股权,民生银行具备外资收购概念",True,0.933671880249179
2020年开始巳经将逾期60天以上的贷款全部纳入了不良贷款,False,0.045879720764896326
被境外恶势力恶意唱空的银行股巳经跌到了下跌也能赚钱的超临界状态,False,0.055416392124796876
如果我有20w股招商银行，我就跟别人说，在招行上班了。平时不用打卡，每天在办公室,False,0.38582521673518666
从14年开始，各路资金开始热衷于炒招商银行，但没人愿意把真实的理由公之于众。虽然,True,0.949164512483417
和格力一样现在难挣钱了,False,0.30744655327450976
持有三年没动窝，坚定坚持再持有三年,False,0.16703967775023443
A股股东户数最多的15个公司：5个公司股东数超80万,False,0.4992333880480876
1 天赚了 10 年利息…,False,0.11777852196284888
招商银行高管层再“微调” 十年老将CIO江朝阳上调招商局集团 曾亲历招行金融科技投入大爆发,True,0.9987973541190319
溢价50%再加上有去无回的200亿贷款，估计要砸到20,False,0.09161624172558036
"目标 -》三年内到1000W，立贴为证。每周记录(当前整体仓位8.5成, 市值 459W, 资产总计 539W)",True,0.8557214124251941
股市自渡,True,0.890142453148024
美股T+1结算时代”即将于下2024年5月29日周二正式开启,False,0.25610817119816076
大部分商业银行估值市净低于0.6.招商银行估值偏高了。,False,0.016889213206337628
没有幻想，直接清仓,True,0.9618442821679852
招行现价红利再买增筹码6.02%,True,0.9205247359001346
招商银行：连续5日融资净买入累计6.7亿元（05-24）,True,0.8320801175709468
九卦 | 招行CIO变动，信息技术部总经理周天虹或接任,True,0.6447971512001335
下来就是机会，随便上,True,0.5127588126506598
万科实现融资重大进展：获招行牵头200亿银团贷款,True,0.9827195819649771
增持招商银行，两天擦掉三万利润。,False,0.022918722800037816
今天没有操作，账户浮亏了2%，我认为下周肯定有反抽，但是能反抽多高要看有没有增量,False,0.05247803654014871
招商银行中短线回调看跌,False,0.11259393630821979
问题都不大，不用过度担心，顶多破一下3100就会收上来,False,0.05530345850009466
招商银行，曾经价值投资的典范，何时回归曾经的荣耀,True,0.9953982644049684
招行五连跌近6个点，前两天融资净买入，后几天融资净卖出，看融资流入流出不靠谱，看,True,0.9908744512681366
上周37时为了6%的股息没买，这周分分钟被教育，几天就跌了7个点,False,0.2323071495976966
满仓了。,False,0.2668358022734604
大V说了，招行要跌回28.,False,0.05962425747379507
博时基金官宣 招行老将张东新任公司总经理,False,0.2807585239731184
数日单边下跌，数月交易招行跑输城商行,False,0.4125064107227485
数据赋能：MAXHUB以小数据聚能大模型，推动行业数字化新动能,True,0.986548599640881
这次带大盘上的基本上银行权重贡献最大,True,0.8592385421491584
了，其他银行涨了一个星期，你跌了一个星期,False,0.16142110598945336
动不动就是连跌10天半月,False,0.02054835409498368
周线不乐观,True,0.8650408545267325
幸好36跑了，等接回,False,0.08180811562685653
有能耐再跌一周，我就回来接,False,0.06977343015036774
没跌6个点加一次，涨10个点出一次，买银行就是要有耐心,False,0.17145815086498217
空头的风向标！！！,False,0.07802189081080124
31.35，缺口必补！！到了半仓,False,0.14773727759514377
自从给了万科200亿后就跌跌不休,False,0.2769591600993361
跌不停为什么呢,False,0.0900109715819063
完了，我又满仓了,False,0.39233911364525564
与万科沾边就玩完,True,0.9619118470522068
最差的银行，以后除了招行，其他银行随便买,False,0.010688731879074043
下周低吸建仓，准备起飞我说的耶稣来了都不好使,False,0.15861340743758967
礼拜一涨停。求你了。。。,False,0.25538316256791926
这轮行情，招商行成为空军的领头先锋哥,True,0.922966312910843
周一大涨不要被人家看不起，不要让人家以为我们输不起,True,0.5820968739471887
呵呵，不跌停，跌不停，不停跌[滴汗][滴汗],False,0.017381372880036716
裤衩子都没了,True,0.8307614952304091
A字下杀！快卖！,False,0.49426368319318703
5连阴了,False,0.47140466023303407
跌这么多,False,0.2272727272727273
腰斩再腰斩,False,0.14607611999266157
5月股市不贪高，落袋为安！,True,0.9779794675954157
自助者他助！万科全力行动受市场认可 获招行牵头200亿银团贷款,True,0.9409008371936608
200亿银团贷款落定！万科获招行等金融机构力挺,True,0.9980839448363884
今天招行跌是因为借钱给万科200亿大利空，万科为啥涨收到200亿借款利好,False,0.011387406662656141
利率趋下，缩量拿筹！股息率高筹码珍贵！,True,0.8476992076780654
东方财富网股吧社区内容治理公告,False,0.3165155285043616
股票还是不要做套的好，今年来，我在招行上一直做套，都有小赚，但是，到现在算了下，,True,0.8374688312926876
不骗大家，持仓不动到现在能赚18900*5.7=107730，而现在才赚5100,False,0.0022469255541019972
银行股现在有没有投资的必要，关键看银行的成长性！房地产已经不行了，银行躺着赚钱的,True,0.924845293501676
2007年11月1日中证银行指数8512点2008年1月4日上证银行指数1091,False,0.0003212039118980492
"沪深京5585家上市公司1月19日平均市净率2.36倍,平均市盈率45.57倍",False,0.017345813372151797
对于高盛、摩根大通等外资看好A股的理由，主要有多方面：一、A股股息率依然不高，上,False,0.03190983164351846
中远海控从2021一季度至2024年一季度资产质量的飞跃增长,True,0.9970387361372339
ZIM海运股大涨,False,0.3612994620359502
转发,False,0.5
很少发言了，不爱发言了，能持仓的都不是一般人，什么蜗牛什么星辰大海，什么唱多什么,True,0.8118140310341482
中远海控，周一基本上会跳空高开，有持仓的今天可以去吃个大鸡腿。,True,0.9718686016649136
这股看好的散户太多了，可以需要来一根进行充分洗洗了,False,0.004114608763681971
高位盘整K线呈一字形,False,0.4333753880455439
海皇又到了最熟悉的周五收盘利好，周六涨停，周日回调，周一平开低走的节奏。,True,0.7463055697576882
外围航运股大涨，下周海控16见,True,0.6349951067515369
周一涨不涨不知道，但一个月必定过16，这轿子坐定了，不抬也得抬，就是这么拽[大笑,False,0.0004132521855924054
ZIM继续大涨8.37%,True,0.6533758079553305
昨晚ZIM大涨8%，已经突破形态了,True,0.9824151376867937
涨不涨不知道，反正比外面500个st股强多了,False,0.07501675014068898
海控80%、石化10%、长电10%，5月份总体盈利16.3%，跑赢大盘。,True,0.8806582426508928
星期一红我就买绿我就卖,True,0.6428627814631528
5月旺季来了了预计第二季度业绩1.5元,False,0.0742269549377308
高位震荡都是熊的语言，留1000股先撤了，估计没半个月调整不会到位，挣了4块多了,False,0.14528332468472172
高点跑了大部分[坏笑]周一杀一杀让我接回来,False,0.05375170243766414
洗到14以下会被抢,False,0.22657355875757956
等你回调到11,False,0.06950855084080942
大师，我觉得周一还会盘一个十字星。这样上涨就很完美了。双叉十字斩,True,0.7930456440084088
下周一大涨！！！,False,0.3289405906505435
海控，现价买入是绝对正确的，无他,True,0.9840597745986678
永辉超市供应链再升级，提升商品价格竞争力,True,0.7645625407684195
海控股友们，当死多头五年！！结果一定出乎意料，过百时候不要说你早卖了！,True,0.6903183738787414
中远海控：融资净偿还103.14万元，融资余额43.83亿元（05-24）,True,0.9996115050364943
$中远海控(SH601919)$,True,0.9698900084466959
如果不是大盘这么烂，中远涨停没毛病[赞][赞][赞],True,0.9985498733203333
散户在念经,False,0.4737672181921917
$中远海控(SH601919)$,True,0.9698900084466959
唱多没用股票没涨只能说躲过了外面的大跌,False,0.1435319405526022
中远海控:中远海控关于股票期权激励计划限制行权期间的提示性公告,True,0.9995907965681919
认准价值回归大势，咬定青山不放松，管尔东南西北风,True,0.9945166783324517
找点小乐趣，既不唱多，也不唱空,True,0.9366593931241896
大摩：上调中远海控AH股至平配,True,0.9848399209375964
2024年一季报点评：集运市场回归常态，综合服务商展现经营韧性,True,0.9985627956092666
中远海控助力中国车企抢滩墨西哥和巴西市场,True,0.999323945325097
股价每一次走高多是依靠运价的提升，如果运价一直维持稳定或小幅下跌，股价会不会回到,True,0.988319882097199
海控应该很快要冲击一下15了,True,0.9678848536756066
外围很久没这么酣畅淋漓的涨过了[奸笑][奸笑]，海控下周冲击一下15不过分吧[旺,True,0.902543693531011
格隆汇5月24日｜摩根士丹利：将中远海控(01919.HK)H股评级上调至平配，,False,0.008540803613708237
美股航运龙头大涨,True,0.5331697764866131
按现在的运价，第二季度利润会不会有300亿呢,False,0.14739902962680584
下星期高开是肯定的,False,0.4128886733392273
下周满上猛干15,False,0.09759410440325134
行情没得说，基本面也没有什么说！人家继续狂,True,0.9898674515480047
海控密码1414,True,0.7382197085293782
海运费翻了一倍了,False,0.18753391043007983
下周一起飞！,False,0.4737672181921917
2024-5-24你们太在乎一城一地的得失，而且总只看眼前的，看的稍微远一点都难,True,0.9922297995033095
1414，牛牛哇,True,0.6924495226848428
来来来，战友们预测收盘价喽！,True,0.9608258588698068
太磨蹭了,False,0.1359066153446793
买港股,False,0.23082833962758653
中远海控14.00的价格还能不能长投以最悲观的态度和以较乐观的态度预测长期回报，,True,0.9995580305470709
5月股市不贪高，落袋为安！,True,0.9779794675954157
今天大盘暴跌啊，盘中跌幅最大到达了1.7%，咱们手里头的票那是全红啊，又是吃肉的,False,0.20833254853515049
链动“港航货”，中远海控助力客户打通汽车出海新通道,True,0.9019825765438019
东方财富网股吧社区内容治理公告,False,0.3165155285043616
【调研快报】中远海控接待中信建投等多家机构调研,True,0.8910352703063065
中远海控和大秦铁路Q2经营预测,True,0.9772035865493707
海运价格再迎上涨“加速度”：相关期货半年翻5倍,False,0.3144853190781879
买入点已经萎缩状态,True,0.5836827573869146
海航科技是龙头,False,0.24307110338827054
这是一份不能碰的股票名单,False,0.042244912446347094
中远海控2024年Q1财报除净利润以外的看点,True,0.9963204030874918
标题,False,0.352941176470588
东方财富网股吧社区内容治理公告,False,0.3165155285043616
九州和电科院哪个好，明天直接干,False,0.1991337864441276
下周连拉一周[兴奋][鼓掌][大笑],True,0.9610552340884759
第1期 | 周末重点消息汇总,False,0.35697108254686694
五月妖股！！！,True,0.7115604508343044
今天是星期天，昨天这人气是第1名，今天就变成第2名了，到星期一开盘就变成垃圾了。,False,0.007363529014309811
明天能20cm嘛,False,0.2845935741427815
超短线选股思路看成交量和涨跌幅当日的K线选股技巧方法。一支股票在下跌调整的途中，,True,0.7682797577078345
双头撤退,False,0.4737672181921908
业绩大增，锁定退市，央企财政部的操作。,False,0.1916765722976821
耀云私董会黄勇耀云私董会助理张雅馨专员余舒晗这三个人是骗子骗了我50万请大家不要,True,0.9832245494673777
老师说了，至少三个板，市场龙头,True,0.6636279437405862
*ST工智一季度4.3亿营收，而且利润为正，市值和*ST宁科一样，宁科一季度营收,False,0.05945230024093817
这个人气又反超上来了，真是激烈啊，明天开盘希望直接涨停让我先跑，我是大学生,False,0.15615312345874977
发生了什么事，人气如此疯狂,False,0.37051585039504575
电力！核心！,True,0.8308160356340009
这家公司藏了什么宝贝！如此神秘！[奸笑],True,0.9810135427509193
和西高院一样,True,0.5836621109992702
谁能告诉我是为啥，也没有明显利好啊，散户抬轿没有这个实力吧，周五买的，新慌得不行,False,0.008498151985641855
电力不能长久，电磁屏蔽和HDl才是当前热点，具有长久性,True,0.637906362094621
好好好，周一坚决出你了…居然你这样乱搞人气，是在为另外谁在打掩护呢,False,0.07092473660291243
电科院人气鼎盛，小作文和某音的引流发挥作用了，这也意味盛极则衰，利润兑现周一是必,False,0.341280972332367
下周重点关注正丹股份，正虹科技，电科院和瑞迪智驱。,True,0.9165559199302648
周五应该是一个比较好的卖点了，可以逢高出局，不要去追高，关注我发财！,True,0.9895228007422998
M字头，大伙快撤,False,0.08091963546508729
A股：预猜下周10只电力低位股,False,0.004985354343453596
减持新规一出，又有一大帮机构要借利好出货了！！周一赶紧跑！！最近机构们一直都是借,True,0.6533199160815524
现在业绩不行的很容易收关注函，这种产业链的个股少参与，保本要紧。,True,0.7507532716308795
难以解释的热度，在同花顺等其他软件都排不上号。唯一可以预见的就是东财散户多，这也,False,0.030329333333041553
长势喜人！大丰收啦！[大笑][上涨],False,0.22243427141532046
*ST工智一季度4.3亿营收，而且利润为正，市值和*ST宁科一样，而宁科一季度营,False,0.21759207897427657
派诺科技，北交所最正的智能电力和虚拟电厂。,True,0.5949878344544184
英伟达散热模组国内唯一供应商，液冷散热中的核心物件！[大笑]夏日精研。,True,0.9716521269963844
$电科院(SZ300215)$,False,0.44767845850986676
明显放量拉高出货。,False,0.47086472365900567
"公司2014年12月17日晚间公告,公司已于近日获得中国人民解放军总后勤部颁发的",False,0.3886680713621615
"电力+军工公司2014年12月17日晚间公告,公司已于近日获得中国人民解放军总后",True,0.8240414618625503
不得不说和这个模型很像。,True,0.8691965435523126
光刻机、自动驾驶、激光、半导体玻璃基板…募投项目今年可以部分投产，达产后产能翻倍,False,0.2821801605293641
热度拉爆,False,0.2595608149919123
股性比业务类同的西高院强太多了,True,0.6333234782237473
好股股，好主力，本月已经涨了百分之44.01个点[吃瓜][吃瓜][吃瓜][吃瓜],True,0.6585624835525453
周一开盘买入“博威合金”，高速铜连接一哥，英伟达供应商（间接）、华为昇腾910C,False,0.08870615211682353
下周还能继续飞，拿稳喽,True,0.8399219170512013
英伟达液冷散热模组，液冷散中的核心物件！[大笑]夏日精研。,True,0.9448197572754486
T起来，持续拿。,True,0.813830711336608
百灵不看消息，只看盘面，从盘面来看下周将继续上涨，没上车的找机会上车即可,True,0.7517605395523894
仔细看了电科院的介绍，里面有“首位”、“世界第一”、“中国第一”等字眼。电科院的,True,0.9963164916715939
理性分析。早安。正丹股份。正业科技。正虹科技。正字辈。家人们霸榜是人气高的表现，,True,0.9999392900040835
【高盛最新观点！】,True,0.9121699883786983
写给正在炒股的你：碰到一点压力就觉得不堪重负，碰到一点不确定性就把前途描摹成暗淡,False,0.11948267905088561
我坚守已久的电科院也马上迎来20cm，激动人心啊！今天忍住了都没有卖[大笑],True,0.6394210266298133
转发,False,0.5
转发,False,0.5
很多人说王叔是不是真谷神，王叔去年10万本金开始炒股的，目前总资产166万左右，,True,0.9801829824206277
000420碳纤维全国第一【碳纤维具有良好的电磁屏蔽性能】也是一种高性能增强纤维,True,0.9659564738053511
为什么热度这么高,True,0.7429463125515539
记得去年炒软件的时候。荣联科技有一天涨停了。然后当天晚上人气总榜第一。那会我还想,True,0.9701262328625337
下周带电的字热死算了。,False,0.3789800936978519
牢记均线这样用，不然你就亏大了。第一、在60日均线之下的股票，坚决不碰。第二、在,False,0.000949926737480733
关注广哈通信[哭][哭][哭][大笑][大笑][大笑]周末低空经济出超级利好[大,True,0.9997812871102028
大势至菩萨阿弥陀佛右肋侍者与阿尼陀佛及阿尼陀佛左肋侍者合称“蔚蓝三大护盘之神”大,False,0.008227622951729185
$英伟达(NASDAQ|NVDA)$$电科院(SZ300215)$$明星电力(S,False,0.047080540400653126
9月18日，电科院披露关于发现公司公章被伪造的风险提示性公告称，2023年9月1,False,0.010967939076110711
你们去看看同花顺热门股票排行榜，还有那个雪球排行榜，还有其他热门股票排行榜，都不,False,0.002123877175436939
水分很大，水分特别大，人气第一很假。,False,0.30276934563759794
不知不觉本月涨了四十多个点[吃瓜][吃瓜][吃瓜],True,0.9112139160666572
利好主力高开兑现出局，拉高后，主力不愁没人接盘[奸笑],False,0.33122058987737035
000996年报因涉及参股公司国期的部分投资收益，无需国期审计报表，且国期财报不,True,0.9989201258022125
转发,False,0.5
转发,False,0.5
明显是超买了，周一肯定暴跌,True,0.7073158933660498
同花顺热门股票排行80左右，这个人气第一水分很大，压根不正常。你们发现没有，周五,True,0.6885135989378275
转发,False,0.5
不能追高，这个股票买了就被套。,True,0.8345331076835096
关于高抛低吸，分享五点：我们每一只股票其实都是可以赚钱的，当然这也是短线高手才能,True,0.8579056376421386
同花顺热门股票排行80左右，这个人气第一水分很大，压根不正常。你们发现没有，周五,True,0.6885135989378275
上一个人气突然暴涨到第一的是7.12元的万丰奥维……,True,0.6562286286448267
000996年报因涉及参股公司国期的部分投资收益，无需国期审计报表，且国期财报不,True,0.9989201258022125
我手上还有一点点电科院。电科院这人气有点怪，同花顺看了下人气80多名，微博搜了下,False,0.1390412644162926
靠，第一人气，不容易呀[鼓掌],True,0.7046462326597169
奔驰最近五年的净利润！,True,0.7764681988379529
这么高的人气，周一不说高开七八个点把前高包了，至少得高开5个点把上影线包了吧,False,0.1484629910010533
人气排名第一，好像星期一低价难以买到了。,False,0.10048041102760663
星期一全仓抢,True,0.6115486021079929
为什么人气突然第一,True,0.607246374458002
周一直接按地下,False,0.4696818957039105
刚才小作文让我来看看,True,0.7682944686536545
002193如意集团，大哥些去盘他。,False,0.2403068833050216
英伟达暴涨电磁屏蔽材料,False,0.06721935156620074
智算中心：产业链整体受益2024年政府工作报告中指出，深化大数据、人工智能等研发,True,0.9996062727213818
继高速铜连接、玻璃基板之后，英伟达又带火了电磁屏蔽概念。概念股周五表现强势，国内,True,0.632230745414328
李一恩，我在他直播间，说“牛逼，越说越离谱，在洗脑了”，就被拉黑了。我感到很冤。,False,0.13591815546380392
今日目标 电科院,True,0.9681480310846784
周一不可能涨停。,False,0.40367725234018703
人气第一并不能说明股价就一定会大涨，但应该也不是什么坏事，总比默默无闻的好吧，这,True,0.9607218366073899
艾森股份受益于半导体国产替代，玻璃基板概念股，业绩高速发展，年报净利润增长百分之,True,0.9999585096888188
续3个交易日内收type_tag settop tag_20价格涨幅较基准指数偏离值,True,0.5960603643139567
抖音上领的免费票，验证完毕，说是电力改革，国网要有动作，难怪今天一看人气那么高,False,0.21237998950385995
就冲这人气，我就可以很肯定的说，周一肯定大跌没跑了,False,0.1180486808523229
大家快去买天山天山申请摘帽了，以前的腰,False,0.385564817088468
买江苏死路一条，可看所有江苏上市公司,True,0.7549106089313881
随便你礼拜一必须走，埋伏科大智能,False,0.38218813024200415
明显放量拉高出货。,False,0.47086472365900567
电科院周五K线出现鸭子头，看高到7元左右！,False,0.35097421308905385
电器检测+电力设备1、公司主要从事发电设备、输变电设备、机电设备、高压电器、高压,False,0.1726455415336482
今日不发长文，都说利好，大叔认为周一收十字星就不错了！关注大叔不迷路。,True,0.9936992007613037
最后的晚餐[左哼哼][右哼哼],False,0.21884985927289202
追涨杀跌，心浮气躁，这是炒股亏钱的八字真言，谨记！！！,False,0.05303433291110071
人气第一吓我一跳以为有什么重大利好,False,0.38521991900251684
是福是祸躲不过，牛鬼蛇神都出来了，不要去评论别人的问题，它们不过是端那碗饭的人，,True,0.834938787060133
唱空的这么多，恭喜你们踏空啦，唱空的都是无股的。恭喜恭喜！,True,0.8576987948505245
明日冲高回落！见顶了！赶紧清仓逃命吧！个人观点，仅供参考！不喜勿喷！谢谢！欢迎多,False,0.08541502747852281
明显放量拉高出货。,False,0.47086472365900567
同花顺那边人气如果也进前10那才有看头东财就图个乐呵吧,False,0.09799824418865866
这个票不能追高。,False,0.25263831885447885
明显放量拉高出货。,False,0.47086472365900567
产业链来了,True,0.5455370938053228
散户多了就会人气第一,True,0.6087715755839703
下周一抛出走人，切莫心存侥幸！,True,0.5612470180685755
十板起步,True,0.8969379985409918
这个股票不可能涨很高,True,0.9123920864077079
抖音杀猪盘,False,0.0547237407077269
抖音推的就是准备杀猪啊,False,0.10356720596983549
大吃小的游戏、躲猫猫的游戏、打地鼠的游戏、信息差的游戏、猜涨跌的游戏、击鼓传花的,True,0.9456853281779513
星期一估计要暴跌,True,0.7640123922698897
苏文电能也是电力，电网而且控股股东自愿一年内不以任何形式减持,True,0.9412483531885096
好了，这下确定了，最后清仓逃命时刻，跑跑跑[下跌],True,0.8019012627533744
礼拜一高开我就买，使出反常必有妖,True,0.9245718338837702
随便你，礼拜一涨停我就卖，只有10000股,False,0.11510306393864556
下一个正丹，风光股份,True,0.8822192579004985
一个季度2.99万，比我还差，,False,0.3217822295914493
雷神科技，北交所最具龙头潜质,True,0.5001165772118569
发现吧里不正常的人好多，人气旺肯定是比没人气好吧。[龙头],True,0.9242331528141506
国家出台输配高压线路升级计划，龙头电科院，,False,0.4294492435687157
只有周期五涨，周末就有抖音吹票，，最近几个月不都是一吹就死，抖音吹票的太恶劣了！,False,9.434046193246282e-06
这个人气只有维持到周一开盘，才能有点点用，看人气炒股的，都是韭菜,False,0.009319595939578651
在没有广泛传开的情况下，人气排到了第一，说明有暗牌的题材要爆发，下周大概率要起飞,False,0.3738450635042656
英伟达散热片唯一供应商，夏日必备！,True,0.6555509738430841
第一次买到人气第一了，可惜卖得差不多了[捂脸],False,0.03488446551362445
人气榜第2了牛逼,True,0.5183404904924398
$电科院(SZ300215)$,False,0.44767845850986676
人气第一，有人意外！,True,0.9561794646246033
周一看谁跑的快,True,0.7482118518506125
有什么消息，人气这么高,True,0.5076002499839193
人气就第二了,False,0.243682650508798
0521单独分享的电科院等几个电力股的低吸机会，都还满意吧！,True,0.8261396784381774
抖音大小v都在推他，高危,True,0.6694224988922862
电力里面图形最好看，日线周线月线放大量。[大笑][兴奋][鼓掌],True,0.957089634730253
下周一创新高，下周二拉板。[兴奋][大笑][鼓掌],True,0.9865268665746797
跟着苏交科的形态走那该多好,True,0.995561658545993
下礼拜题材高低切了看电力了。。。,False,0.04083432680210075
抖音在推杀猪盘了,False,0.029506227096672055
倒t也要接回来,False,0.06523119417321221
【24日资金最新动向！】,True,0.9136065214085787
电力龙头1.卖电（风水光火核等等），最大的直接利好的，龙头10cm是明星电力，2,False,0.002639568780680168
继续[胜利][胜利][胜利][看多][看多][看多][看多][看多][鼓掌][鼓,True,0.964956021818404
感觉周一新高的概率很大,True,0.8396731838433582
电科院,False,0.5
下不来，有承接，周一大幅高开高走，做T的可能T飞了,True,0.7801545149136664
尾盘买入了300215（电科院）,False,0.37270866135586755
太强,False,0.15384615384615385
【英伟达还有新高！】,True,0.5553604284740093
完了，5.91套住了,True,0.6419241917660199
电科院10%，两只负溢价转债,True,0.7545338599606999
这票哪来那么高人气，都没涨停,False,0.34189158823204147
前天走了，昨天没有接回，没搞懂爆发的逻辑[滴汗],False,0.12028064639275071
6.18进来的，估计没有比我高的了。下周一继续看高。。。,True,0.746120393357595
高抛良机，好好珍惜！,True,0.9550890805605152
黄金现在可以冲了，今天517520继续走强，长期投资价值高，指数拿着也省心,True,0.9906014103953998
电力炒作刚开始，电科院不得了，我只看名字，具体公司干啥的我不管，电科院，好好领会,False,0.011197685088941034
双头的节奏,True,0.6729704765340161
昨天5.57出的，不知道对不对,False,0.33857062330029764
$电科院(SZ300215)$,False,0.44767845850986676
没吃到肉，汤也没喝到，这一桌菜又让我掏钱买单了。,False,0.013582531482735583
卖了半仓，下周走势会不会破前高呢,False,0.10250925255178811
【0524个股点评小结】,False,0.1402117188194577
马上出坑[鼓掌][鼓掌][鼓掌][鼓掌][鼓掌],True,0.9479335885845553
主力不想出龙虎榜，一直压盘。今天估计10个点的涨幅。不错了已经，感恩。,True,0.6124277291378268
好浪漫啊[害羞羞],True,0.935331960674293
本月回本6w，创纪录,False,0.43120635929625717
6.34是你的目标，也是我的,True,0.7895290168366028
反复拉是不是要退市,False,0.07202702831839614
表现不佳,True,0.771620977199592
想打板来着。结果吃大面。两天十五个点又没有了。,False,0.3603090505892588
敬告股友,False,0.046933387654792935
又降低成本了,False,0.39493583783453856
今天追高的都要完蛋了,True,0.6884500273120904
师姐5.13已建仓电科院,False,0.12291018316903923
下周一起码跌5个点，再次见5.5,False,0.03852814603361088
好牛[赞],True,0.9664143089512817
这个真不如都是一半，恶心盘中还出公告，早上要是看盘就出了…,False,0.028149467529506422
明天是好的点,True,0.8722142570891462
我感觉今天能拉涨停，耐心等待吧,True,0.6824277248148203
我先走了昨天尾盘接的。,False,0.2377885185688643
去301419了,False,0.4869103343988235
如果电力板块能炒作1个月。这绝对是一支牛股，就怕是一日游行情,False,0.030753486184170065
拉一下吧，今天生日不想吃面[上涨][上涨][上涨],False,0.006369665775111111
收盘涨12%,True,0.7865195972935963
希望今天可以上涨,False,0.22471286009242408
昨天低吸的，一股未动！现在就是轮动，静静的等待就是,False,0.24006247763651556
凭电器科学研究院的名字今天也会涨停,True,0.9003048400709485
继续买入电科院用电高峰来了……,True,0.9240670919319895
人民币将与中国工业电力挂钩，电科院股价将一飞冲天！,True,0.9398292515855664
中线趋势，老鸭头,True,0.8027666213318213
赶快板了吧，中午想抽华子了,False,0.23015756490108308
早上一直喊，非要买就去深南电，看吧。,False,0.33141762154226484
小作文来了，走了，等520再买,True,0.7467932837662679
苏州电科院顺利通过中国核工业集团合格供应商、中国核能行业协会合格供应商现场评审2,True,0.6671940754336096
梭哈300215了,True,0.8630530555797126
抛压太大了，没办法，不洗洗就到头了,False,0.0014928946081141925
现在还不板，应该是板不了，下个星期就的跌了,False,0.029875495436234467
5.99元卖了一部分，搞怕了，洗盘太暴力,True,0.8571596744243857
小单一拉，大单一出,False,0.08950407364713986
电科院(300215)龙虎榜数据(05-13),True,0.814133039667231
我昨天才出，今天就涨，前两天南京聚隆也一样一出拉了30点，作孽啊,False,0.08198982308461344
走势特别好,True,0.7041273743699809
看今天有没有敢死队进来,False,0.22899829150104156
今天封板的话，下周,False,0.4648257649837947
真墨迹啊，直接20CM不就是了嘛,True,0.591674073570269
涨停板无疑,True,0.9342570588970333
真牛，奔涨停走,True,0.8668174612203481
牛，留了一手准备随时跟进的，那个晓得是这样的结果，我还在开车呀……,True,0.7050244558226622
快拉涨停吧，磨磨唧唧的,False,0.27110864947843416
带带建科股份,True,0.8151127093866293
太牛了，发财了哈,False,0.4145220136467569
5.9清了，祝留下来的发财,True,0.564156094040901
买入,True,0.7499999999999999
走了走了半天涨不停明天又要跌,False,0.1024184948465795
希望5.5能接回来，挂了10个点出售，结果卖了,False,0.03443931559794755
15点能就走，龙头都站岗了。别在想涨停,False,0.4258220857266759
下周一又是跌,False,0.4737672181921908
昨天亏1200跑了哎,True,0.6515267909241165
才追高，落袋舒服,True,0.7001237180818008
放弃了300040，全仓押了300215,True,0.5778003945956651
神经病啊,False,0.19999999999999996
电力调整差不多了，今天或下周会有上攻动能,False,0.20955911478506473
军工龙头，赶紧封住带带板块,False,0.03498028996256075
认命，昨天割了九洲，今天追高这个,False,0.2214118295925558
周线仙人指路,True,0.7721616762044574
做t溜了，落袋为安，哈哈,True,0.5468842415102025
真龙都就位，差不多就走，没有溢价的,True,0.953040735657453
太厉害了，坐等涨停。,False,0.23741024697726898
谢谢电科院，5.55上卖的全部在5.45下低吸了回来,False,0.04179027164255611
别搞的冲高回落,False,0.15666015380008735
什么时候能涨停一次啊，真服了,False,0.08324449010825141
卖早了点,False,0.30528058449448936
果然是，前天卖出去，昨天没接回就是错,False,0.3266708569199377
上一次涨停错过了，这次直接买了,True,0.8375988867878708
解套走人,True,0.8450082764705692
牛批,True,0.521822209998058
游资有人玩这个股票！！！！！！,False,0.16417080136294016
今天差不多就这里，九州，亿能，龙头已就位。没有多余的溢价给你。,True,0.9031830679425376
6快走了。留下的发财。,True,0.6158946684758723
虽然,True,0.5262327818078083
5.8以下抓紧建仓吧[色][色],False,0.23296556528858015
沾上电的都飞了起来了,False,0.05579427321586994
冲冲冲冲冲冲冲冲冲！！！,False,0.145915546402129
慢慢做T吧,True,0.9663053505915195
电科院5月24日开盘涨幅达5%,False,0.0678187640462774
特高压龙头电科院[看多][买入][买入][鼓掌][鼓掌][鼓掌]数字经济龙头联发,True,0.9918543914054019
明天危险了,False,0.3889364328969577
又套进去5千[捂脸],False,0.022198629022849525
被迫5.2加仓[哭],True,0.837164544859325
不会出货把,False,0.2644758889862724
明天会修复,False,0.28011462628222783
希望明天可以上涨。,False,0.10338202646790917
电科院:关于2023年度利润分配预案的公告,False,0.0781001312200319
明天上午抄底，下周二起飞,False,0.20535493918453518
把它卖了，低吸了扬电，希望做对了！,False,0.2637458336995915
站6今天,False,0.44661786149927674
你这也太弱了吧，一点反抗都没有,False,0.4382629477585007
禁言,False,0.5
等跌10个点再补仓。,False,0.09430946436292353
审时度势发好帖,False,0.28139513439631236
猪力，要求不高，今天收复6元即可！,False,0.34975891322597763
红几天，一天跌回来,False,0.07678129723422011
磨人心呀,True,0.9382432331205319
今天什么情况啊,False,0.3935742971887549
看看上工申贝，再看看你！要死不活啊,True,0.594647130704141
昨天反弹出货，压力位！类似九洲集团！,False,0.1551217710018825
来来来，各位昨天鼓吹涨的，别潜水，先出来说说。,False,0.052472980239911426
利好,False,0.5
再看看，等跌到4.8再加一点仓位。,False,0.05310904442453368
这个股票有光伏概念，说明要大涨了。。,True,0.9297135709735458
这么玩，迟早被你玩死,False,0.43874410389000695
电力起来了,False,0.3124999999999998
直接闷杀,False,0.5
实际流通股3.2亿，每天换手率超15%，底仓不动，高抛低吸，按照理论这个价格区域,False,0.026101055360021053
准备加仓。,False,0.2964260140101529
4块,False,0.2716767590175685
电科院5月23日盘中跌幅达5%,False,0.03386031109882204
希望明天涨起来，洗盘个把星期了,True,0.5918691787843934
$电科院(SZ300215)$,False,0.44767845850986676
希望涨停板,True,0.8767978089942531
三亚潜水教练呛水联想,False,0.16691035541572163
你们不要在卖电科院，等拉升，等20厘米，不要有什么分歧了，不是天天这么涨的，这股,False,0.028822350614419512
放量情况下的均线多头排列上攻,False,0.1991318593918553
成本炒到了6.2[奸笑],False,0.4000584313896457
美滋滋，每天拉上去卖点！第二天低开在买回,False,0.08891693868347639
明星电力大跳水，电科院明天低开了，先溜了，落袋为安,True,0.5020306600015949
今天看明星电力眼色,True,0.5152747096750028
今天要梅开二度反包创新高了。加仓干就完了。,False,0.2908649152814895
5.6买了就套上,False,0.3324746866674636
明天一根中阴，效果很好的。,True,0.7865735511715696
最高点追的，活该,True,0.6797812730337591
守60分钟趋势线，破了走人,False,0.019563996748462653
冲冲冲冲冲冲冲冲冲！！！涨停板无疑！！！！,False,0.3695499161982889
鸭头已形成,False,0.4655756890436713
卖亏了，早上2个点卖了,False,0.08979033290259097
上下幅度再大点，动作再猛点，马上就要到高潮迭起的时候了，多坚持一下就能喷得久一点,False,0.0025463983805368295
搞了半天，今天跟的光伏,False,0.07817769656864071
持续推进产学研用深度融合共促创新合作发展机遇——苏州电科院与中国矿业大学电气工程,True,0.9996520682925192
跳吧跳吧，心累,False,0.3689763499247397
别跌哦！跌了我会买回来的。,False,0.33039664564378723
明天红开,False,0.21215927685265656
我不是庄，看13.20咋样,False,0.31355871850930217
乐山电力，电科院，周一低吸，周二滚动的也妥妥大肉,False,0.0704127061462061
又激动了[滴汗],True,0.5926372594385005
电科院5月22日快速回调,False,0.06915679231926786
出货了,False,0.3788569447456951
电科院5月22日快速上涨,False,0.078110545152139
加仓啦，稳住啊,False,0.27499952314907117
哈哈,True,0.5262327818078083
5毛1清仓了，小赚5600元，满足了,False,0.05404515028204804
不装了，不装了，10:30开始大幅拉升，哈哈,False,0.002069701813892544
太牛逼了，坐等涨停。,True,0.5550805477924349
没有一天走出样太难了,False,0.3048851942716406
不装了，电科院10:30将要大涨10%，哈哈哈[捂脸],False,0.06960636095454786
解套任重道远,True,0.7657643776825962
上星期从华银转过来，是对的。,True,0.9227059726211211
冲冲冲冲冲冲冲冲冲！！！,False,0.145915546402129
让它再跌得更猛些吧[大笑],False,0.30677933643696464
不出意外明天是收红的，会不会大涨就看主力了,True,0.826825615642913
震荡震荡就是下跌了，跌起来猛的狠,False,0.4283684559706532
谁来预测明天几点涨停[微笑],True,0.8924390472636006
又是拉尾盘，撤吧。明天又低开了,False,0.03866474553691002
每天T一T拉低成本线,True,0.9287380247601137
这货跟电力板块走啊，电力明天要是继续回调，写过肯定也没洗，小跌都是好的了，哎,False,0.001472044795121974
电科院主力不干活，正常两板后股性会比较火，但里面的资金在等抬轿的，外面的资金不肯,False,0.07214383516835188
来个预测,True,0.8888888888888888
走了，留下的发财,True,0.5504923205582516
加油加油加油加油,True,0.9998317824926402
这个走势明显是洗盘，明天继续上涨至6元左右,False,0.06813516540251474
明天还会跌一天,False,0.08108818998263856
我在这里呢，电力方向。[干杯],True,0.6219576279793995
明天5.32开盘,False,0.2637018024682164
说你们说你这就是垃圾跟跌不跟涨大家都不要买让他们自己玩,False,0.04454598586655534
好好好散户都卖了,True,0.5642568720822713
还要跌明天跑算了,False,0.051491285880705395
真神奇，走的和万丰一样,True,0.8115592494286055
股。走了。,False,0.2952414063168559
标题,False,0.352941176470588
东方财富网股吧社区内容治理公告,False,0.3165155285043616
正丹股份：“正丹转债”赎回登记日为6月6日,False,0.1115674291494273
正丹股份:关于正丹转债赎回实施的第六次提示性公告,True,0.9340666356746592
涨超10倍牛股正丹股份 被交易所重点监控,False,0.07227382460912823
C浪才开始！,False,0.14748691228000999
明日剧本正式出台！高开在32之上，下探低点在31一31.5，盘中高点在10个点之,True,0.9193807705923227
正丹股份下周走势分析！,True,0.9379283358135995
明日分析,True,0.9650461978567052
重点监控了，还这么强！,False,0.12286037439898512
继续涨，涨到空头闭嘴。[兴奋][鼓掌][大笑],True,0.9960483241482108
沪指跌0.88% 长江电力、正丹股份等创历史新高,True,0.9983198916924232
又要重新开贴，多看少问！,False,0.26895480333843413
周一高开墓碑线，清仓走人勿贪婪！,True,0.6300669700157978
3元进了500万，30元清仓了，完成半个小目标,True,0.8306242416452415
最新价格来了！今天又涨了5000！一个月价格翻倍,True,0.5303395574646708
木秀于林，风必摧之,True,0.9750776794776
我说到50，肯定被骂,False,0.09968839055618006
现在有多牛，后面就会有多惨，支撑不了太久！,True,0.6854274937857661
正丹股份千万不要买，以后都不能买，买了就好高位接盘，最后股价要去除75%才能横盘,True,0.8310635291961347
现在是风险大于机会5倍,True,0.5530916510940852
牛股正丹股份（300641）,True,0.5226633005904681
刚来有大哥解释这股啥情况么,False,0.014078958977975065
谁十倍不重要，关键是个风向标。,False,0.29500636449171147
丹王上王，业绩持续核爆，让市值做大做强冲刺2千亿的灵丹妙药！涨到六亲不认！涨到A无敌手！涨到羡慕嫉妒！认知限制住财富的多寡！,True,0.9999999531167432
正丹是真龙头,False,0.2538348181731639
少看少动，没有成本优势不要轻易追高，一路走过来，这些人不断的唱空正丹，也有资金试,True,0.9931859725252067
2024年十倍股出现的悲哀,False,0.30604925598677113
10倍TMA！ 关注替代TMP逻辑！,True,0.9660935622849997
实话实说！说今年已涨10倍毫无根据，年线显示1月1日至今最高31.89，涨26.,False,0.005186548999327356
西昌电力（600505）万胜智能（300882）,False,0.24392613330409152
全仓买了正丹大帝真无聊，到2025年年报都不用换股，需要持股1年半，炒短线我都没,False,0.0005419228375000973
$正丹股份(SZ300641)$,True,0.6864403227850091
正丹小弟,False,0.39380367085948853
下游购买TMA的产品的厂家，可以找丹王大小主力谈补贴一事。建议一吨补贴购买价的3,False,0.03252692822784997
九安医疗从5块9涨到99块多，上涨16倍，涨到5倍时也是很多小作文黑人家！抹黑人,False,0.10211166111124359
正丹股份：第三贴：下周行情更精彩,True,0.9685460007782629
一年难得遇到一个10倍牛股！但是今年抓到了正丹股份！而且从7元多一直持有到现在！,False,0.2384315666401462
本周大盘回顾，坚持“高息蓝筹长线+小市值科技短线”策略不变,True,0.9989808007945178
"连板战法或龙头战法在灭绝中,我的观察!",True,0.8271782322945713
宇座观点：正丹股份作为老周期的核心，8倍接近10倍高度还在继续打出高度，周五拿了,True,0.9917355107611586
大盘周一企稳回升反弹，正丹冲高回落回踩30.44收阴线。周二开启五浪主升浪目标5,False,0.04810234597022511
年内首只“10倍股”诞生 正丹股份一季度营利双增 净利润增超4倍,True,0.95426560845631
。。。,False,0.4843517138599106
*ST工智一季度4.3亿营收，而且利润为正，市值和*ST宁科一样，宁科一季度营收,False,0.05945230024093817
以现在的情绪看，周一大概率直接顶了，其实关不关小黑屋还是看交易所的意思，大盘这么,False,0.108283828804704
周一清仓,False,0.28504019446623396
十倍股之一的正丹股份，咱们操作两次也相当于吃饱！,False,0.3472210299366303
正丹13左右横盘的时候，大家就都知道TMA在上涨，寡头市场，现在涨到30多了，就,False,0.22702058528090407
坚决持股不动，目标100,False,0.2884721091945919
清仓了，兄弟们再见了。不一定今天就是顶，不过还格局的兄弟们下周一周二再有冲高的话,False,0.025283612170670766
关键是涨价所带来的利润所对应的股价，远不是现在的这个价格，各种导向都是倡导价值投,False,0.366727008723692
全是利好消息[笑哭]周一危险了[笑哭],True,0.966863817271252
虽然周末，报价组还是干一下活，好让明天直接顶上去吧[大笑][大笑][大笑][大笑,True,0.8634984621807406
不得不往上涨，大股东不得减持，机构卖出就是做空。散户卖出一点也不影响股价上涨,False,0.09060412505245197
四月一日以来tma、totm报价分享,True,0.884133679991502
在TMA涨价的势头面前，任何技术分析都将被摧枯拉朽。下周只需要在50000 元的,True,0.7112438590636715
转发,False,0.5
下周稳稳的,False,0.4737672181921908
52000了、估计会走诚迈科技的走势！,False,0.2944527970141242
只要认清市场运动的确已经发生，顺着潮流驾驭着你的投机之舟，就能够从中受益。不要和,True,0.9995884734028183
$正丹股份(SZ300641)$,True,0.6864403227850091
不敢买，只敢看,False,0.10874334825214682
$正丹股份(SZ300641)$,True,0.6864403227850091
[旺柴]那些，买tma.的客户，赶紧来炒股，在股票上把买tma亏的钱。赚回来。[,False,0.05755530883426141
$正丹股份(SZ300641)$,True,0.6864403227850091
当一支股票进入大多数人视野时，正是卖出时。这就是规律。也才符合28原则,True,0.9975013456201327
TMA预期到多少没人能预测，供需何时有改观也不知道，不能言顶，只能跟随[呲牙],True,0.9310776130691673
感觉在上演最后的疯狂,True,0.8677151860201685
对于正丹下周的走势，红尘已无法预测，不竟已经创了新高，上面管理层又一次发出监管通,True,0.9867811794978516
十倍杠杆重仓插入[色][色][色],False,0.0022484455198775732
下周热门，电磁屏蔽，HDl,True,0.7824573787118773
清仓了买了龙头雷曼光电,False,0.07681201716766628
热度上来了，想必也是主力想要的结果。周一低开大批接盘侠会入场，直接套牢一批人。大,False,0.45152040574573726
一季度利润暴增254%，PMMA之王双象股份：下一个正丹股份,True,0.9254390028898568
十倍的妖王可以继续持有，妖王一定是妖王，关注我发财！,True,0.9999918393298103
下周重点关注正丹股份，正虹科技，电科院和瑞迪智驱。,True,0.9165559199302648
几块钱的时候就告诉你啊我就是出货的理由都给你们准备好了你们不买涨了十倍之后你们说,False,0.04702507543624923
二季度 TMA 才大涨价，利润增加多少,False,0.12435846968050646
这样的良心公司，就该佩这样的泼天富贵。默默无闻地每年坚持分红，股价从上市几十块跌,True,0.9752248915350249
丹王，72变，产能变大大大大大分析；根据泰达，产能3万吨，销量3.6万吨；（这个,True,0.5238656871258038
你们想知道报价的，直接阿里巴巴问，或者打电话给公司问。要10吨[旺柴],False,0.2378052453231021
A股年内首只10倍股正丹股份被深交所重点监控,False,0.009515596588290265
这个票看了一个月。真的是每次的回调，都是让你上车机会，包括周一如果一回调，又有多,False,0.07367767252446178
既然这样重点监控！那就回低位个股炒短起升浪！关注本姐自选股即可！,False,0.011548819597309468
A股：预猜下周10只电力低位股,False,0.004985354343453596
涨停,True,0.5917277703202298
减持新规利好落定，周一不趁着有利好逃跑的除了小散没别人！！机构们都已经摩拳擦掌了,False,0.31872260726875534
[想一下]有个问题，就是买tma的大小客户，也买正丹，百川，虽然tma涨价，但是,True,0.5980332456456647
砖家分析得头头是道,True,0.8613832738257337
早盘介入了，新余国科浪潮信息两支个股目前走势非常给力！下午预计会有一波大长腿[胜,False,0.3709088636633099
一鱼两吃，财政部控股央企十倍股。或许是个机会,True,0.566852267230431
继续吃大肉,False,0.5
明天涨19%停牌，小心再停进去,False,0.023284999573601195
周末仔细看看外面的世界，风险太大了，不是ST，就是收到汗，这样一看还是正丹好！至,True,0.8091801412238098
周一会低开高走的,False,0.36070281601615084
昨日介入的正丹股份早盘拉高近8%，28块多附近全部获利了结，留一只，仓位控制在5,True,0.532227033284218
太牛了，只能看看膜拜一下[拜神][拜神][拜神][拜神][拜神][拜神],True,0.9972240488867545
2025年1月25日前不会卖出，如果二进宫，就陪你进,False,0.21193201215694124
石英股份22年业绩10个亿，市值最高500亿！23年业绩50亿，但市值二百多亿！,True,0.9308155084821185
走势是真强，远没走完，感觉还有个加速,False,0.4396302576426929
当前A股化工四大天王,False,0.3154899597289923
今年首只10倍股正丹利好化工周末减持新规大大利好优质次新：301538骏鼎达/301548崇德科技/301325曼恩斯特等长阳涨,True,0.9991021318011007
正丹股份才是TMA的真龙头，百川股份股份依旧是跟风小弟，正丹股份20倍特大牛股成立！,True,0.5385184149684304
近日发布了2023年年报，揭示了公司过去一年的财务状况与经营成果。通过仔细剖析这,True,0.9927945598259443
周一大概率走V，而且反的概率更大。个人直觉，仅供娱乐！,True,0.5560287606501125
5月27（周一）盘前：基于消息简单分析：周末无重磅消息，老题材低空经济没有新的消,True,0.7468894920518817
牛股点评:正丹股份，正虹科技,True,0.6556511019378898
正丹年内目标价88.8元，不接受任何反驳。。,True,0.9113838908801263
$正丹股份(SZ300641)$,True,0.6864403227850091
曾经的银广夏,True,0.8392732137540418
盘后简单聊聊看法,False,0.3751535342497774
正丹的尽头在600亿市值，放心大胆的干,True,0.8762447964770534
吧里很多诋毁正丹的，巴不得正丹立即破产，四处宣扬假消息。要使正丹业绩下降只有三种,True,0.9476399264019371
曾经的天马股份,True,0.7297953905324696
周一跌停，封单30万手。正丹股份千万不要买，以后都不能买，买了就好高位接盘，最后,False,0.041019003585515024
涨幅1026.86%！这家企业成年内第一支10倍股 实控人夫妇财富增值近80亿元 4万股民跟着吃肉,True,0.5615917641289384
是不是顶，明白人自然明白，聪明人也在假装糊涂，当年捷荣技术高位时喊多的也不次于现,False,0.4924598858363094
【十倍大牛股（正丹股份）启示录】剖解十倍股之牛股基因和财富密码:在中小微盘股里挖,True,0.5012900296093753
百合花和正丹股份，百川股份都是涨价逻辑,True,0.967324136836235
正丹股份千万不要买，以后都不能买，买了就好高位接盘，最后股价要去除75%才能横盘,True,0.8310635291961347
年内首只10倍股诞生 正丹股份市值超160亿元,False,0.36114145359251903
股票上涨是市场自然行为。不能先发提示。要有明确的证据证明。,False,0.28326566389200614
赚十倍不需要具备什么素质，不外乎这两种人，一种是不经常看股，另一种是已忘记自已帐,False,0.33638668401361826
明天把他顶进去，过8就进去，同志们加油！,False,0.15613554549821274
很多人说，现在属于信息时代，没有信息不对称了，其实不然。很多人不了解TMA和TO,True,0.5808895818373088
*ST工智一季度4.3亿营收，而且利润为正，市值和*ST宁科一样，而宁科一季度营,False,0.21759207897427657
现在买入的担心在高位接盘,True,0.9100068141312484
$正丹股份(SZ300641)$,True,0.6864403227850091
都知道散户炒股是一赚二平七亏损，与对手盘正好互补，庄家操作失败的方式就是诞生妖股,False,0.20536299558634719
TMA有没有可能两年之内涨到50万一吨，签于tma是寡头垄断，掌握定价权。假如t,False,0.4663030278939807
就算涨到100。你要拿的住才行呐，中间振幅波动，把你震下车，拿不住的，每次回调都,False,0.14185760853924867
了鲜了解下游头部的订单价格。,False,0.01551924481871858
哪位大神说一下监管期那天结束，什么价格触发第二次停牌。,True,0.8879552346123547
正丹对我来说就是一只退市股，因为涨这么高，业绩就现在可以，一旦不行，将开启十多年,True,0.5260374016316005
龙，华，正，不知下只股票是不是气字头,True,0.7908193893541352
$正丹股份(SZ300641)$,True,0.6864403227850091
当全网都在说正丹的时候,False,0.36468470749982684
最新！上交所、深交所通报！10倍大牛股被重点监控！,False,0.00970883813862189
明天或下周初不快速打出一个新平台来，则上方筹码越来越重，易倒，后果严重。,False,0.43615226282772335
停产和涨价预期，2024业绩为王，第一目标20,True,0.9923764546314925
信息获取能力超强,True,0.8827203508113415
英伟达散热模组国内唯一供应商，液冷散热中的核心物件！[大笑]夏日精研。,True,0.9716521269963844
坚韧执着,True,0.9822208516355222
关于百川股份的几点不解之惑：1，正丹股份涨了近10倍，百川股份却只涨了区区的2倍,True,0.9672427820145982
现在,True,0.5262327818078083
来！给它一回！看人下菜的好手。[俏皮],False,0.46431682818726916
努力不等于能成功,True,0.5429835283384102
年底实值1600亿,True,0.8798000174218388
下周目测会冲破50，然后震荡一周，六月十几号到达顶点70附近筑顶,False,0.03409247317069819
涨了好几倍了，每个像样的回调这就不合乎逻辑了，现在热度上来了下周回调个30多点也,False,0.2103516177663688
融圈能盆满钵满。主力现在排队出货,False,0.019130263671786052
5.15宝总复盘,False,0.35184120959662324
昨天有小妞问我正丹还敢不敢上我说我不敢了结果鸡构们肯定是逆向思维逻辑鬼才老夫开盘,False,0.1315837371603672
眼睁睁看着你，却无能为力[为什么],True,0.6615052778409046
这里96%的自然人投资者，异动监管也没办法的，东财拉萨团功不可没！,True,0.5214473774455853
未来2年预估赚100亿。开启并购合并，做大做强。在座的都是次级原始股东。未来享受,True,0.9920318416203799
公司激光技术用于玻璃基板打标打孔切割划线等，红外模压镜头辅助驾驶AR/VR已销售,False,0.014878829677221761
周一开盘跌停板,False,0.1767013306180646
//@墨大仙 ://@墨大仙 :转发,True,0.6272793808479319
撤了，全清空了，谢谢散户接盘,False,0.2804959884591486
请关注601137,True,0.586345440451466
第五次浪潮！(正丹要做一夜 9 次郎[兴奋][兴奋][兴奋][兴奋]),True,0.9961297585935102
弱市出妖股，先恭喜超级丹成为年内首只十倍股，昨天尾盘看图形都知道今天有戏，可惜没,True,0.7338005635035043
去抢正业科技300410筹码！！！！低价低位小市值英伟达概念龙头股！正字辈妖股！,False,0.06859466381931156
最新最严减持新规来了！规则全面升级，进一步杜绝减持套现！,False,0.13837563503476324
铁血丹心，一身正气，今年牛股风向标，和正丹一起成长。加油！,True,0.9463868396483057
扛个大大的玉如意去给奶奶祝寿,False,0.18371417410352753
丹王不放天量还有得涨。,False,0.13889004474295485
涨价让正丹股份成为首个10倍股，但这个股国产替代加速可能比正丹股份更牛！,True,0.8466597314882279
涨到多少钱了大神们,False,0.4401432372308417
正丹现在连主力都没办法控盘了，主力为了不触发异动，天天资金流出砸，都没能控制住拉,False,0.1582997950187396
最近很不对劲啊，其中有很多熟悉的股票都st了,True,0.9237047033526797
卓越的管理层，优秀的公司，明天会更好！,False,0.3675208870145421
革命尚未成功，同志仍需努力！,True,0.9893425288231255
正丹不要急功近利,True,0.7826653358894131
正丹股份价格有可能在70元至125元之间波动,True,0.6784143120691771
红宝丽有10倍潜力，下周陪跑。,True,0.7097948976605631
很多人害怕十倍，其实中国巨石一年80多倍，中国船舶一年十倍，英科医疗两年50倍，,True,0.912395376668671
明天盘中可以猛涨，收盘的时候控制住不涨幅不要出现异动即可。,False,0.1576989374722857
这个远不是那个疫情概念的妖股，具有高门槛、几年内短缺，持续高利润，其最高档次的t,True,0.9719164723228609
好股股，好主力，今年目前已经涨了百分之463.3个点[吃瓜][吃瓜][吃瓜][吃,True,0.5807853014557406
这种票一旦套住不割肉走人就会全军覆没！！,False,0.05191822902851617
如果你炒股老是赚不到钱，你要想想你所处的环境、接触的人和做的事情有没有问题。比如,False,0.04133338120309027
丹王威武！不知道周一是否有机会加仓～,False,0.10436294143311486
预测正丹上150元，蓝色光标上88元。,True,0.5249571851343596
化工涨价（TMA）概念之正丹股份（AI生成内容）,False,0.4714835413937941
就和上次周末发布国九条一样，利好吹爆了都，结果周一低开连续下杀小盘股，这些对散户,False,0.4330520319828868
到底涨了多少倍,True,0.6805080189170938
正丹会冲上150元，蓝色光标上88元,False,0.14640560992859508
下周先跌后涨，调整3060，极限3041点,False,0.02731791955899332
弄不好明天二进宫,False,0.1510312717151282
其实大家不要担心，这九天来主力控盘非常精准，也就是说主力已经百分百控盘了，不会在,True,0.7818419459590268
如果没有监控，这股绝对唯一龙头三波名牌阶段是要走加速的。早就应该加速了，二波那里,True,0.6915527171333844
下周一正丹股份是防关小黑屋的最后一天，千万不能涨幅过大导致停牌10天即关小黑屋,False,0.0016161138497523542
红宝丽：一异、二异丙醇胺世界级寡头+光刻胶及合成生物概念+新质生产力制造业硬泡聚,True,0.8225731064938072
周五散户拉萨拉升，下周一低开概率大,False,0.29617239038431986
今年第一只！大涨1000%,True,0.6295538214998545
正丹股份成A股年内首只10倍股 收盘涨超13%市值超160亿,False,0.1213979223557502
到头了，和之前诚迈科技一样,False,0.2953409985045371
年内首只10倍股诞生 正丹股份市值逼近160亿,False,0.4585868528111029
年内首只10倍股诞生 正丹股份市值逼近160亿,False,0.4585868528111029
旱地拔葱，正丹股份是真的猛。祝贺持有并赚钱的兄弟们。,False,0.11720689375345417
正丹股份：目前公司的TOTM产品生产正常,True,0.7132740793479665
上升空间已打开，涨幅将超越那个做核酸检测的[笑哭],True,0.9078858764536032
正源股份跟正丹股份就差一个字，正源下周会连拉4个涨停板，拉动一元才不会面值退市。,False,0.09216295771388994
十大股东除了控股股东其它全部是牛逼哄哄的牛散！连续打压吸筹必将联席拉升！有题材有,False,0.488782735979828
"英伟达GPU算力芯片为什么能卖3万美元一个,因为 ....",False,0.1232300919638758
TMA呈现寡头垄断格局。根据英力士官网资料，正丹股份、英力士、百川股份、Poly,True,0.9928999208803164
2024年5月24日，华东地区TMA市场价格坚挺。据了解，目前市场最新成交参考价,True,0.7433230492571261
我爱我家必将接力正丹股份成为新龙头！,True,0.981679778170739
缩量风扇行情下，今天重点关注正丹股份，雷曼光电，沃格光电和百川股份。,True,0.9934716649131581
价值回归准备时,True,0.9520253101703658
不要猜正丹股价高点是多少，只要产品涨价，股价就会涨高,True,0.8873710538359808
顺发恒业常年累月都盘踞在2.83，真是特别有缘！,True,0.8596140921713842
的,True,0.5262327818078083
让他们唱空，越多唱空，就是越多人想买，[旺柴]别唱多。闷声发大财,True,0.9990742927872295
共同富裕,True,0.8333333333333333
TMA呈现寡头垄断格局。根据英力士官网资料，正丹股份、英力士、百川股份、Poly,True,0.9928999208803164
人气高峰，脱离监控，完美操作！,False,0.3491186089902075
当前A股化工四大天王：TMA之王：正丹股份，大涨10倍，目前市值161亿，正丹股,True,0.6707745324388726
股价已经严重高估,True,0.8240596527769604
年内首只10倍股诞生！正丹股份市值超160亿元,False,0.36114145359251903
深交所：对正丹股份(300641.SZ)、*ST围海(002586.SZ)等涨跌异常证券进行重点监控,True,0.5760736076882197
深交所：5月20日至5月24日对“正丹股份”“*ST围海”等涨跌异常证券进行重点监控,False,0.07190848157580987
冷门股人气陡升！5连板晋级“最高标” 弱市行情资金抱团 “20cm股”成新热点,True,0.8633653760004811
A股年内首只10倍股诞生！,False,0.39196262129321136
今年首只10倍股诞生！,True,0.6385693270759993
年内首只10倍股诞生！62个交易日 这只A股从2.83元/股涨至31.77元/股,False,0.022736917493609177
继高速铜连接、玻璃基板之后，英伟达又带火了电磁屏蔽概念。概念股周五表现强势，国内,True,0.632230745414328
沪深交易所出手了！10倍大牛股被重点监控,False,0.15655228215922234
A股指数窄幅震荡年内首只10倍股诞生,False,0.4515186036584389
2024年首只10倍股诞生！正丹股份市值突破160亿元，一季度净利大增超400%,True,0.9441601647389262
50万入市全职做短线第348天，目前243W～,False,0.471440042133603
十倍股的特点都是小盘股炒成中盘股大盘股。业绩也就好一两年，最终击鼓传花套牢一批散,True,0.6629654743290547
那位大神说一下丹王什么时间出监管期，什么情况会触发第二次停牌。,False,0.4543962517644501
请正丹的大佬们来双象坐坐，价值洼地，业绩保障，近期概念优良,True,0.9992746206169061
全球大宗涨价周期的思考，丹帝左手tma10万T，右手totm10万T，今年到底能,True,0.9304204862973693
说说我对正丹股份的逻辑思考,True,0.9768913977190751
报价组！！上报价！,False,0.30913872607733284
看谁接最后一样，一个搞化工的。,False,0.19741549657182222
这股周一有涨停的风险，第一次看到散户和深交所都担心涨停的股票，散户怕停牌，深交所,True,0.7178252567325072
星期一可能会直接按在地板上了诶这样就不会发问罪,False,0.33629407504172204
年底跌至5元,False,0.05048777198309584
【只做确定的白马！】,True,0.7899443620280264
有些人看也不敢看，别说买了，只会说风凉话，盼着暴跌。,False,0.10158178150062758
理性分析。早安。正丹股份。正业科技。正虹科技。正字辈。家人们霸榜是人气高的表现，,True,0.9999392900040835
除了今天买的，能卖的都卖了！落袋为安！仅供参考！,True,0.5871187741019819
其实你们不懂，重点监控好事。游资和量化不敢进来，他们进来就爱砸盘[想一下][想一,False,0.002694098543062351
不敢买了！,False,0.20984570387028678
万胜智能（300882）东方日升（300118）隆扬电子（301389）,True,0.8956907058913393
吉林化千，碳纤维王者---【产业链方面，电磁屏蔽材料属于新材料的应用领域】,True,0.9978449473647701
好风如水,False,0.31469921568721015
正丹股份2017年首次发行，发行价10.73元，到现在仅搞了一次10转7，当股价,True,0.6201418237891754
敬畏市场,True,0.8619895705544015
$正丹股份(SZ300641)$,True,0.6864403227850091
恭喜你们都赚了钱，你们是大家合伙抱团把丹王炒成了10倍大牛股，这群人了不起。下一,False,0.09492603967221058
踩20个点下来就套住所有人了,False,0.2659117453238927
【交易系统原则及纪律篇】一、原则纪律：优先原则：等待。不要想着回本，就算是大亏，,True,0.9767920907998019
年年都在一大堆拉色中！把一只垃圾炒成十倍大妖古！利害了,False,0.45656506424515053
5月24日星期五热门个股分析：,True,0.6301410722829233
严格地说正丹是从启动前4.43元算起的，小数点往右移一位44.3元才算十倍。给予,False,0.03882388011093518
周五下午，去万达信息调研了，大概总结了以下一些个人觉得比较有用的信息。公司一直是,True,0.5160990832164262
这个龙头妖王走势是很好的，今天收31元上方是很好的，没有这个股的不要追高，追高是,True,0.7504147431086409
正丹股份才是TMA的真龙头，百川股份股份依旧是跟风小弟，正丹股份20倍特大牛股成立！,True,0.5385184149684304
来个老师教教[加油]假如TMA涨到10万一吨，8万吨年产的正丹能有多少营收和利润,True,0.9902102092613715
透支了未来一百年的股价，从此之后买这个只有阴跌,True,0.9955343493355688
正丹股份:关于2024年中期分红安排的公告,True,0.8823741080812461
提示：1.英伟达电磁屏蔽EMI材料隆扬电子竞价+11%低吸。沃特14点34分开板买入。2.养殖正虹冲板，养殖晓鸣-5绿吸+15%,False,0.002369354283226377
这样子的股票涨十信，那煤炭板块要涨100倍也好过这股，比如兖矿能源、华阳、潞安等,False,0.2062917490472862
大概高开！这种走势！是要创新高！走快速！,True,0.9285723032948099
机会面前人人平等，抓住了机会就有可能改变人生。有人乘风而起，有人半日归零。,True,0.9915919848161843
周一20然后停牌[旺柴],True,0.6695970681679851
深交所官网可以下载最新的，《深圳证券交易所交易规则》，没有规定异动必须停牌。即使,False,0.2926414530089807
正丹年内目标价88.8元，不接受任何反驳。。,True,0.9113838908801263
今年是化工赛道涨价赛道股,True,0.9224494496244781
丹哥是我的信仰,True,0.9473850199679159
提示：1.英伟达电磁屏蔽EMI材料隆扬电子竞价+11%低吸。沃特14点34分开板,False,0.011394469416678987
牛逼了散户赚大钱了，机构眼看不敢上车,False,0.29835503425692955
当初八块多大生活我想等回调一下没有买错过了。12快多大时候回调一下我没有买认为还,True,0.793140365624285
你们吹过的牛都会实现,False,0.41471350826803144
今年估计只有这只能炒！,False,0.09016934072633709
天黑小心碰石头,False,0.023477813033101147
去年的最后一个交易日收盘价5.64涨到56才10倍呀,False,0.43271475658308145
被删除了，明显找人接盘了,False,0.04928174102876226
明日冲高回落！见顶了！赶紧清仓逃命吧！个人观点，仅供参考！不喜勿喷！谢谢！欢迎多,False,0.08541502747852281
金丹呀，我的仓位越来越重了,False,0.35005227237290326
$正丹股份(SZ300641)$$正威新材(SZ002201)$$明星电力(SH,True,0.9078547826074879
TMA年初至今已经涨了10000元/吨，正丹产能8.5万吨，假如价格保持平稳甚至,True,0.9874056645095732
能不能超过九安医疗30倍的记录[吃瓜][吃瓜][吃瓜][吃瓜],True,0.5404753778260009
预计下周走势，上半周不断创新高，建议大家积极跟进注意日内冲高回落，后面两天因为上,False,0.007947678959153825
3千亿做不到，目标已到达20多亿，退出市场，封贴！！！,False,0.4044829128571591
电力板块逆市上涨，20CM个股继续受资金追捧！,False,0.007937910436579876
是的，我持有！所以乱吹一下！参照九安医疗，第一波3倍，第二波2倍，第三波1倍。正,True,0.9671492528080029
资讯太多了！必须跑。,False,0.3281936754069683
当前市场最有关注价值的就是正丹,True,0.8087324719847058
想知道，这个炒什么，逻辑是什么。去看泰达新材的回复函。认真的看，分析就知道了。懂,False,0.4492293430004619
扰乱市场[滴汗]罚款拘留,True,0.5127040396390512
妈的，服了，10倍，只能眼睁睁的看着,False,0.23972083112554932
业绩驱动使正丹生逢其时！股价是价值的体现，虽然暴力了一点、快了一点，但不要贴妖股,True,0.9967372387528166
$正丹股份(SZ300641)$,True,0.6864403227850091
电磁屏蔽材料，英伟达暴涨,False,0.06721935156620074
炒股养家：敢于低位时空仓，敢于高位时满仓。炒股反人性[得意],True,0.9122664544367002
完了，下周一大草原,True,0.947304940918327
价格已经打到翻了几倍了，现在没有崩盘跟利好业绩没关系，跟没多少散户敢追有直接关系,False,0.45929828689266106
周一大洗盘，各自安好……,True,0.9569606608118426
这个票人气，持续1个月都是人气前10名，在20元的时候龙虎榜就连续出现拉萨，这个,False,0.0035283300092504577
交割单,False,0.5
龙头总是不惧大盘脸色，引领风骚。希望下周一各路大神克制一点，不要把正丹顶进小黑屋,False,0.1806575474530422
活捉小丑一只,False,0.3987380943098525
TMA：成本价是1万3千元，涨出来的，都是利润,False,0.06929094657932466
礼拜一必须出点力给你送进去，不然主板没得玩了，一鲸落，万物生。,True,0.9868401917666193
29和30之间只差了一块钱但给人的感觉却好像隔着八条街那么远，看到上三十了就不敢,False,0.035999158681516596
就是想体验一下被关的感觉。就怕周一大洗盘。多看少动,True,0.7427952696283763
错过了缘分错过了你,True,0.9957398360588194
小散拿不住10倍牛股,False,0.05624123192749275
昨天买了一手，今天开始正式研究它的估值，以前咋样我不懂，以后咋样也看不清。只说今,False,0.24504258417993097
真是太厉害了，膜拜绝对龙头，核查也照涨不误的那种，真龙，铁血丹心！虽然老夫没有，,False,0.045122307090530334
吉林化千一【碳纤维具有良好的电磁屏蔽性能】也是一种高性能增强纤维。同时碳纤维具备,True,0.9734068157422534
0524多维选股，4选1涨停收4个点,False,0.014402331603061258
艾森股份受益于半导体国产替代，玻璃基板概念股，业绩高速发展，年报净利润增长百分之,True,0.9999585096888188
老  广土成本5块不到，就算死命砸盘到25块也有20块的利润，所以断头铡即将到来,False,0.09216082123313163
一招锁定龙头股！！！,False,0.003294138392068713
国九条倡导长期投资，价值投资，业绩稳定增长，全球精细化工龙头，必将是资金合力追捧,True,0.9999923942160807
标题,False,0.352941176470588
东方财富网股吧社区内容治理公告,False,0.3165155285043616
可以举报,False,0.4285714285714284
国外第一铜厂重启，将大幅提高产铜量，铜价将暴跌。,False,0.012464530436950616
北方铜业的铜矿是覆铜板之祖！北方铜业的铜箔是覆铜板之父！,True,0.9797078814516604
铜期货已见顶，国外铜厂重新开启，周一大跌，赶紧清仓跑,False,0.03836039495115162
周一竞价阶段，高开就跑，等2-3天我再回来,False,0.2136411072745883
北铜新材科技公司即有铜箔又有覆铜板！((仅供参考),True,0.987851593025981
北方铜业技术娱乐1北铜以5日10日线为大鹏之身;2北铜以20日60日120日25,False,0.0017556670460407986
北方铜业一季度营收同比增长112.78%,False,0.46691979935850403
周六美股收盘南方铜业又涨了↑,True,0.7775917729388621
北方铜业：2023年归母净利润6.19亿元 同比增长11.56% 拟10派1元,True,0.7351451418633836
今年是有色大年，放心,False,0.36924024938630884
董秘你好，经过近20年的发展，公司已成长为我国华北区域最大的阴极铜供应商。根据碧,True,0.999805517390509
北方铜业午盘点评！,False,0.2735259349781618
尊敬的董秘您好，我看了一下23年的年报，四项主要产品的产销都是基本平衡的，应该不,False,0.4849022679816315
降降温，周期股说下去就下去了。参考锂电池跟光伏,False,0.23118188925891658
季月线看不复权07，15，21年算今年4重顶，如果13.88冲不破那彻底凉凉，北,False,0.1539823660972085
北方铜业：其他收益增长主要是2024年一季度公司收到进口贴息专项资金,True,0.9723029990995447
铜长期短缺,True,0.8438377694717777
北方铜不要忘了他下面的北铜新材，好好读一下人家是做什么的。有色总龙头，有色只做北,True,0.7805687259171222
谁来跟我辨析，北方铜业不是真面目的龙头！,False,0.18267952709989932
北方铜业与江西铜业云南铜业完全不同，不仅有采矿，更有精加工，而且精加工产品是市场,True,0.7049727057366882
沪铜期货今年2月初以来5浪上涨结束了。突破了历史高点开始进入震荡调整阶段，以时间,True,0.9630455200305561
公司目前前2大股东均为山西省国资委的公司，股份占比54.78%。前十大股东持股比,False,0.12065570363526312
仔细看了北铜历史，2021年前叫南风化工，也是山西国资委控股，当时大股东就是现在,True,0.9754410302250272
【铜价狂飙专家预言铜将冲破天价】著名商品交易商皮埃尔·安杜兰德大胆预测，铜价将达,True,0.9999294918938894
铜价利好,False,0.4737672181921908
11年未分红注意控制风险,False,0.3443499853685873
北方铜业重组后首次现金分红 一季度营收净利双增长,True,0.5415707152394295
这几个月应该都是炒涨价概念，金属，化工，高铁，猪肉，水电，原材料很多涨价很厉害，,True,0.9493141688591542
慢爬式上升，终有结束的时候,False,0.2782162996321035
下周又到了边涨边减仓的欢乐时刻，翻倍了要勇于卖，错过5月21日的卖点,False,0.07828486177497362
谁怀疑北铜，就赶快离开股市[大笑],True,0.9734545130114081
尾盘进去的资金是不是主力,False,0.24024458541642357
【知名对冲基金经理皮埃尔·安杜兰：铜价将飙升至每吨4万美元】5月24日消息，对冲,True,0.9811615069097637
北方铜业能否走出象300641趋势来，给股友带来惊喜,True,0.6797608889099992
跟踪,False,0.2500000000000001
感觉没有上涨空间！板块上不去一切都是梦想,True,0.5140355802136817
这一个亿的打板资金是真牛.大家给10万手哥点点赞[呲牙],True,0.9887039385231642
周一惨了。暴跌,True,0.8271140590339812
昨天没走，感觉周一还有一轮,True,0.593653143587269
呜呜呜，亏死我了,False,0.338381380637765
亏死我了，呜呜呜，,False,0.338381380637765
下周必上13，不信走着瞧,False,0.32369843186429315
5月24日消息，为加强对证券公司提供投资价值研究报告执业行为自律管理，防范利益冲,True,0.9530591012478221
岛形已经消失，静观其变吧。昨天要是真下去彻底没戏了,True,0.7274580997634712
下周可以继续进场了，地产飞车暂时歇会儿，北铜上次冲高回落，周五稳定些了，该走平上,True,0.9596247899435717
两个涨停,True,0.5175298062310599
哎，没卖掉到高点，把昨天进的先出了。,False,0.08300184285333911
$北方铜业(SZ000737)$,False,0.29699965546082707
下周一收涨停板。,True,0.55675528798278
希望是今年的10倍股,False,0.17561429523572336
这二天大盘下挫的原因找到，出台了严格的减持新规，但对优质公司影响不大。市场往价值,True,0.7802415019868019
SUM大涨！,True,0.6767637719271541
北铜新材料科技公司，主营产品除了覆铜板，铜膜，还有各种厚度，型号压延铜箔和电解铜,True,0.9250669259515736
覆铜板涨价概念了，今天上涨的原因是覆铜板提价了,True,0.5671609978967939
今天不跌反涨，原来世界铜库存严重不足，铜需求急剧增加了。,True,0.9975944235998796
铜价将飙升至每吨4万美元，知名对冲基金经理皮埃尔·安杜兰,True,0.9986883497078716
三连阴后放量首阳，周一有红盘机会，关注,True,0.8509512481261275
5月23日热门股点评：,False,0.19299989329280365
新一次浪潮即将涌现，既是告诫，也是明灯！,True,0.9207438243222463
诱多[滴汗],True,0.8135873836249917
周一谁也逃不掉,False,0.27941141167953865
唱多的太多，周一不保,True,0.620839325183698
买有色的人跟买人工智能的让一样累，不但要关注股票和消息，还要关注期货和英伟达。,False,0.2806823772320699
一路攀登。 韭菜不足以改变趋势。,True,0.9531030907906871
铜业龙头应该换了,False,0.1036023049132967
$北方铜业(SZ000737)$,False,0.29699965546082707
期货才开始跌，此股不再街区了,False,0.09449128931936135
北铜是有色金属的扛大旗者！如果北铜嘎掉的话，整个板块都没戏了。耐心等北铜调整完毕,True,0.9175010503042975
标题,False,0.352941176470588
东方财富网股吧社区内容治理公告,False,0.3165155285043616
《向净资产进军的命令》,False,0.3402814456078097
"印度在美国上市的2家银行市盈率19.5倍,市净率3.2倍",True,0.739196435434488
3.9元买的每股净资产12.43元+拨备2.23+应收款8.22+商誉1.22,False,0.3586469409396431
"新股发行市净率10.26倍,现在0.3倍.相差34倍,相当于买1送33",False,0.04574187055397749
拨备和核销的贷款呆账是银行2大隐藏在股东权益以外的资产,False,0.3339789571851638
回血失败，民生银行困兽犹斗,False,0.35231505684968334
破净股数据[24/05/23],False,0.1428770010655268
"18元时122万户,11元时75万户,3.3元时40万户,涨到4元33万户",True,0.882954561304259
民生银行一季度营收净利润双降：今年被罚超600万，合规备受考验,True,0.9662047044655991
中国的银行股，稳定的股息，得到越来越多投资者的认可。多年以来，在舆论的错误引导下,True,0.9901673431245047
2020年开始巳经将逾期60天以上的贷款全部纳入了不良贷款,False,0.045879720764896326
买银行股前需要读懂的一些重要财务知识,True,0.883927902613686
"4月5日在美丽坚上市银行的市盈率,市净率,每股收益,每股净资产 印度私营HDFC",False,0.45424878531245316
民生银行底部磨了一年一年又一年，整整三年，新行长任职资格也确认，可以放手大干了，,False,0.010548463877917857
民生银行正走在正确的道路上,True,0.959839785789316
就未分配利润而言。这股价没有任何风险。长线持有分红比存银行强太多,False,0.029384491798960966
民生银行跟兴业银行、浦发银行没法比！,False,0.00583470610726744
民生银行中期分红0.3，，然后特别分红0.4,True,0.777446820471904
留存收益，如果不能转化为市值，将利润留下，对股东来说，就没有任何意义。应该提高分,True,0.9284269808339798
3月底4元附近卖了10%，一直等回调3.7到3.6，就没等到[滴汗][滴汗][滴,False,0.0005619249092382317
每次来这里咋心如刀割，买了十几个银行股个个都吃一口红烧肉，肥牛离开的，就你让咋带,False,0.07435288786806515
民生银行“老将”丛军拟接棒民生理财董事长 民生理财管理产品规模已破1万亿,True,0.9777550452738835
下周见到4.1+,False,0.4892513945757535
巴菲特提醒投资者说了,True,0.9974509292502605
民生银行:H股公告-董事会会议召开日期,False,0.06489654797306821
民生银行:中国民生银行关于诉讼事项进展的公告,True,0.9588641540532556
“515”后银行继续压降“高息”对公协定存款 民生银行最新调整三类产品 后续或有更多银行跟进,False,0.04369587748444215
大宗交易：民生银行成交1194万元，成交均价3.98元（05-24）,False,0.09935656415964589
民生银行：融资净买入210.69万元，融资余额38.9亿元（05-24）,True,0.9951870450009649
4.51[吃瓜],False,0.4737672181921908
又一家银行对协定存款下手！银行压降负债成本进入“深水区”,False,0.028727691105403297
[大笑]150050010004900下周见，大家一起做T,True,0.8495166633479875
钱在民生手里没什么效益，不如早点分红大家算了,True,0.8618554979634262
民生银行要涨停随时拉板！,True,0.6440609640695292
[大笑]今天T狗踩踏，都想做T,True,0.9851078187392733
吧里那几个明显机器人，要么就是股托唱多,True,0.8326055456993623
高迎欣就是拿高新不会炒菜的厨师长，厨师们谁会服,False,0.03819218624091847
四年了，相对前住业绩每年都是跨了一半。还甩锅前任，这面皮赛过城墙厚。,False,0.3756417945721522
按照巴菲特的观点，留存收益，如果不能转化为市值，将利润留下，对股东来说，就没有任,True,0.9988854945118836
民生银行股价落后于农行百分之十了，加油干！,True,0.7225702495822806
下来容易上去难,False,0.48365530667329815
神啊，4.02让我成功卖掉吧。,False,0.354760602170346
别的银行都在创新高。这垃圾无敌焉,True,0.77686627608347
明天会涨,True,0.5026546869308217
民生银行：融资净买入1577.77万元，融资余额38.88亿元（05-23）,True,0.9951870450009649
挂单4.02卖，不知明天能不能如愿。,False,0.06085725058368785
民生银行市净率最低,False,0.4112457030275589
【读财报】上市银行数字金融透视：信息科技投入普增 中信、民生银行增速快,True,0.9999994580117277
拿着行业最高薪酬，投入行业最高资金搞科技，却做出行业最差业绩！不禁让人怀疑该行高,True,0.9999217799489901
争议性股票被恒大窝害太深，舍不得割几千股就算支持恒大咯,True,0.9371194886538123
今天算不错了在这里太多了散户，成本从4.9搞到4.06能分红就好，已经不算差,False,0.008819291757412917
明天4.03开始建仓了[微笑],False,0.392672189730742
一年后突破7.7高地,True,0.961956689028312
民生最差的境遇已经过去，相比于其它银行，这一轮涨幅明显偏弱，该补涨了,False,0.4510229841483079
应有一个创新高的梦,True,0.8306056204566835
民生银行：融资净偿还1830.81万元，融资余额38.72亿元（05-22）,True,0.9856987970949229
最后十分钟，神仙打架了。好事情，这股终于有人说不了。,True,0.5436027133367194
兴业资管《关于泛海控股集团36.35亿元债权资产的招商公告》,False,0.3564487725676765
批准中期分红，4块的民生银行股息率将达8%以上。,False,0.03125414048284303
这样的股票最好了，很适合做T、做波段，无风险套利。,True,0.978628373857317
12元净资产回到6元不过分吧[上涨][上涨][大笑][大笑][大笑][主力][主,False,0.0030959749436785255
14.5奶奶的,True,0.5939889282141876
破净股数据[24/05/22],False,0.1428770010655268
民生银行助力2024年国际中体联足球世界杯 盛大开幕,True,0.613476046994561
今天4.04没卖出去，明天感觉会调整了,False,0.24570598323636816
银行股回升到10倍市盈率，才进入牛市行情。10倍市盈率股票\年回报永比存款利率和,True,0.9784579586626994
港股从2.4到3.2涨8毛三分之一了。A只涨了4毛，十个点，严重落后啊,False,0.008281081941221236
民生净资产都有12元，要翻倍,False,0.3155390510404824
既来之，则安之，民生银行我来了。欢迎我们的从军带头大哥,True,0.6998132381786047
今天吃错药了，这么硬,True,0.5356817245016918
标题,False,0.352941176470588
东方财富网股吧社区内容治理公告,False,0.3165155285043616
王者荣耀组合:发育路招行，中路五粮，打野海油，对抗路移动，辅助长电。分红打新，攻,True,0.9901273969196115
美股T+1结算时代”即将于下2024年5月29日周二正式开启,False,0.25610817119816076
招行现价红利再买增筹码6.02%,True,0.9205247359001346
如果我有20w股招商银行，我就跟别人说，在招行上班了。平时不用打卡，每天在办公室,False,0.38582521673518666
万科实现融资重大进展：获招行牵头200亿银团贷款,True,0.9827195819649771
周盘点 | 招商银行市值大幅缩水,False,0.07348305031370672
增持招商银行，两天擦掉三万利润。,False,0.022918722800037816
持有三年没动窝，坚定坚持再持有三年,False,0.16703967775023443
招行贷款给万科就是钱多人傻,False,0.24753867186665446
从14年开始，各路资金开始热衷于炒招商银行，但没人愿意把真实的理由公之于众。虽然,True,0.949164512483417
招银研究 | 大盘整体震荡：债市短空长多，阶段性增加防御,True,0.9865640456059059
A股股东户数最多的15个公司：5个公司股东数超80万,False,0.4992333880480876
"目标 -》三年内到1000W，立贴为证。每周记录(当前整体仓位8.5成, 市值 459W, 资产总计 539W)",True,0.8557214124251941
最差的银行，以后除了招行，其他银行随便买,False,0.010688731879074043
溢价50%再加上有去无回的200亿贷款，估计要砸到20,False,0.09161624172558036
1 天赚了 10 年利息…,False,0.11777852196284888
招商银行，曾经价值投资的典范，何时回归曾经的荣耀,True,0.9953982644049684
招商银行：连续5日融资净买入累计6.7亿元（05-24）,True,0.8320801175709468
和格力一样现在难挣钱了,False,0.30744655327450976
"沪深京5585家上市公司1月19日平均市净率2.36倍,平均市盈率45.57倍",False,0.017345813372151797
200亿银团贷款落定！万科获招行等金融机构力挺,True,0.9980839448363884
九卦 | 招行CIO变动，信息技术部总经理周天虹或接任,True,0.6447971512001335
博时基金官宣 招行老将张东新任公司总经理,False,0.2807585239731184
5月股市不贪高，落袋为安！,True,0.9779794675954157
股市自渡,True,0.890142453148024
万科实现融资重大进展：获招行牵头200亿银团贷款,True,0.9827195819649771
跌不停为什么呢,False,0.0900109715819063
被境外恶势力恶意唱空的银行股巳经跌到了下跌也能赚钱的超临界状态,False,0.055416392124796876
与万科沾边就玩完,True,0.9619118470522068
招商银行高管层再“微调” 十年老将CIO江朝阳上调招商局集团 曾亲历招行金融科技投入大爆发,True,0.9987973541190319
了，其他银行涨了一个星期，你跌了一个星期,False,0.16142110598945336
大部分商业银行估值市净低于0.6.招商银行估值偏高了。,False,0.016889213206337628
没有幻想，直接清仓,True,0.9618442821679852
银行股现在有没有投资的必要，关键看银行的成长性！房地产已经不行了，银行躺着赚钱的,True,0.924845293501676
招行五连跌近6个点，前两天融资净买入，后几天融资净卖出，看融资流入流出不靠谱，看,True,0.9908744512681366
股票还是不要做套的好，今年来，我在招行上一直做套，都有小赚，但是，到现在算了下，,True,0.8374688312926876
不骗大家，持仓不动到现在能赚18900*5.7=107730，而现在才赚5100,False,0.0022469255541019972
幸好36跑了，等接回,False,0.08180811562685653
大V说了，招行要跌回28.,False,0.05962425747379507
下来就是机会，随便上,True,0.5127588126506598
周线不乐观,True,0.8650408545267325
数日单边下跌，数月交易招行跑输城商行,False,0.4125064107227485
问题都不大，不用过度担心，顶多破一下3100就会收上来,False,0.05530345850009466
今天没有操作，账户浮亏了2%，我认为下周肯定有反抽，但是能反抽多高要看有没有增量,False,0.05247803654014871
有能耐再跌一周，我就回来接,False,0.06977343015036774
上周37时为了6%的股息没买，这周分分钟被教育，几天就跌了7个点,False,0.2323071495976966
招商银行中短线回调看跌,False,0.11259393630821979
空头的风向标！！！,False,0.07802189081080124
没跌6个点加一次，涨10个点出一次，买银行就是要有耐心,False,0.17145815086498217
裤衩子都没了,True,0.8307614952304091
A字下杀！快卖！,False,0.49426368319318703
跌这么多,False,0.2272727272727273
动不动就是连跌10天半月,False,0.02054835409498368
下周低吸建仓，准备起飞我说的耶稣来了都不好使,False,0.15861340743758967
周一大涨不要被人家看不起，不要让人家以为我们输不起,True,0.5820968739471887
2007年11月1日中证银行指数8512点2008年1月4日上证银行指数1091,False,0.0003212039118980492
31.35，缺口必补！！到了半仓,False,0.14773727759514377
自助者他助！万科全力行动受市场认可 获招行牵头200亿银团贷款,True,0.9409008371936608
数据赋能：MAXHUB以小数据聚能大模型，推动行业数字化新动能,True,0.986548599640881
呵呵，不跌停，跌不停，不停跌[滴汗][滴汗],False,0.017381372880036716
腰斩再腰斩,False,0.14607611999266157
这次带大盘上的基本上银行权重贡献最大,True,0.8592385421491584
完了，我又满仓了,False,0.39233911364525564
满仓了。,False,0.2668358022734604
标题,False,0.352941176470588
东方财富网股吧社区内容治理公告,False,0.3165155285043616
对于高盛、摩根大通等外资看好A股的理由，主要有多方面：一、A股股息率依然不高，上,False,0.03190983164351846
还在牛市。。。。。。,True,0.7540792142739252
外围很久没这么酣畅淋漓的涨过了[奸笑][奸笑]，海控下周冲击一下15不过分吧[旺,True,0.902543693531011
海控应该很快要冲击一下15了,True,0.9678848536756066
走起！[呲牙][福][拳头],False,0.4886836611312936
认准价值回归大势，咬定青山不放松，管尔东南西北风,True,0.9945166783324517
这个摩根大通，还是高盛的把中远海控股价调到15.9，他们懂中国股市啊,True,0.9996590831900152
减持新规利好大盘股,True,0.918952152913043
大师，我觉得周一还会盘一个十字星。这样上涨就很完美了。双叉十字斩,True,0.7930456440084088
中远海控从2021一季度至2024年一季度资产质量的飞跃增长,True,0.9970387361372339
2024年一季报点评：集运市场回归常态，综合服务商展现经营韧性,True,0.9985627956092666
2024-5-26你非点让我给你鱼，你懒得去学钓鱼的方法！随便给一两条,False,0.055411756704858095
很少发言了，不爱发言了，能持仓的都不是一般人，什么蜗牛什么星辰大海，什么唱多什么,True,0.8118140310341482
海皇又到了最熟悉的周五收盘利好，周六涨停，周日回调，周一平开低走的节奏。,True,0.7463055697576882
这股看好的散户太多了，可以需要来一根进行充分洗洗了,False,0.004114608763681971
23年末期分红时间到,False,0.44033891379520607
高点跑了大部分[坏笑]周一杀一杀让我接回来,False,0.05375170243766414
等你回调到11,False,0.06950855084080942
转发,False,0.5
中远海控助力中国车企抢滩墨西哥和巴西市场,True,0.999323945325097
唱多没用股票没涨只能说躲过了外面的大跌,False,0.1435319405526022
$中远海控(SH601919)$,True,0.9698900084466959
ZIM海运股大涨,False,0.3612994620359502
买入点已经萎缩状态,True,0.5836827573869146
中远海控和大秦铁路Q2经营预测,True,0.9772035865493707
按现在的运价，第二季度利润会不会有300亿呢,False,0.14739902962680584
涨不涨不知道，反正比外面500个st股强多了,False,0.07501675014068898
2024年一季报点评：集运市场回归常态，综合服务商展现经营韧性,True,0.9985627956092666
5月股市不贪高，落袋为安！,True,0.9779794675954157
海控股友们，当死多头五年！！结果一定出乎意料，过百时候不要说你早卖了！,True,0.6903183738787414
大摩：上调中远海控AH股至平配,True,0.9848399209375964
链动“港航货”，中远海控助力客户打通汽车出海新通道,True,0.9019825765438019
中远海控，周一基本上会跳空高开，有持仓的今天可以去吃个大鸡腿。,True,0.9718686016649136
周一涨不涨不知道，但一个月必定过16，这轿子坐定了，不抬也得抬，就是这么拽[大笑,False,0.0004132521855924054
洗到14以下会被抢,False,0.22657355875757956
$中远海控(SH601919)$,True,0.9698900084466959
高位震荡都是熊的语言，留1000股先撤了，估计没半个月调整不会到位，挣了4块多了,False,0.14528332468472172
找点小乐趣，既不唱多，也不唱空,True,0.9366593931241896
今天大盘暴跌啊，盘中跌幅最大到达了1.7%，咱们手里头的票那是全红啊，又是吃肉的,False,0.20833254853515049
海航科技是龙头,False,0.24307110338827054
散户在念经,False,0.4737672181921917
星期一红我就买绿我就卖,True,0.6428627814631528
中远海控14.00的价格还能不能长投以最悲观的态度和以较乐观的态度预测长期回报，,True,0.9995580305470709
高位盘整K线呈一字形,False,0.4333753880455439
如果不是大盘这么烂，中远涨停没毛病[赞][赞][赞],True,0.9985498733203333
永辉超市供应链再升级，提升商品价格竞争力,True,0.7645625407684195
海控密码1414,True,0.7382197085293782
5月旺季来了了预计第二季度业绩1.5元,False,0.0742269549377308
股价每一次走高多是依靠运价的提升，如果运价一直维持稳定或小幅下跌，股价会不会回到,True,0.988319882097199
昨晚ZIM大涨8%，已经突破形态了,True,0.9824151376867937
外围航运股大涨，下周海控16见,True,0.6349951067515369
中远海控:中远海控关于股票期权激励计划限制行权期间的提示性公告,True,0.9995907965681919
美股航运龙头大涨,True,0.5331697764866131
下周一大涨！！！,False,0.3289405906505435
这是一份不能碰的股票名单,False,0.042244912446347094
海控，现价买入是绝对正确的，无他,True,0.9840597745986678
中远海控2024年Q1财报除净利润以外的看点,True,0.9963204030874918
2024-5-24你们太在乎一城一地的得失，而且总只看眼前的，看的稍微远一点都难,True,0.9922297995033095
格隆汇5月24日｜摩根士丹利：将中远海控(01919.HK)H股评级上调至平配，,False,0.008540803613708237
中远海控：融资净偿还103.14万元，融资余额43.83亿元（05-24）,True,0.9996115050364943
太磨蹭了,False,0.1359066153446793
ZIM继续大涨8.37%,True,0.6533758079553305
海控80%、石化10%、长电10%，5月份总体盈利16.3%，跑赢大盘。,True,0.8806582426508928
海运价格再迎上涨“加速度”：相关期货半年翻5倍,False,0.3144853190781879
【调研快报】中远海控接待中信建投等多家机构调研,True,0.8910352703063065
标题,False,0.352941176470588
东方财富网股吧社区内容治理公告,False,0.3165155285043616
明天要高开就跟#,False,0.10593765764336716
5.54,False,0.5
超强股的逆袭之路,True,0.5724403341943162
前两天有人跟我推荐吉电我没当回事，现在好像有点信了[滴汗],False,0.11325361827857194
5月26日：下周操作策略,False,0.2729903630489755
吉电股份(000875)龙虎榜数据(05-24),True,0.9350361901653402
下周市场热点主线猜想：电力、有色金属、农业,True,0.9935802375238237
最少看到10元小散不要轻易做T一不小心会T飞的！,True,0.5004182588433186
已经有好多电力底部翻倍了，吉电底部翻倍可以到7元,False,0.009430585643727896
《吉电股份》“天眼形态”将构成,True,0.8640619598233144
周一散户不要追高，让机构玩去吧。之前4元的时候干什么去了,False,0.040273761221876425
历史高点近20元现在才5元多空间巨大！,False,0.10960026185463811
集合竞价的规则：首选最需要了解几个重要的时间节点，这也是市场很多新手交易小白，所,True,0.9951536093282005
上周五，收盘卖了一半，期待明天开盘涨停，让我卖了另外一半[呲牙],False,0.13004545212498664
莫要，一个定增票，他不可能连板,False,0.0311491916933343
转发,False,0.5
小高开，游资，散户合力拉涨停，这就是下周一的情况，不是来打我脸,False,0.31726697039196183
明天开盘就砸！,False,0.07372059869021741
英伟达散热模组国内唯一供应商，液冷散热中的核心物件！[大笑]夏日精研。,True,0.9716521269963844
周五涨停两个年线级别股票，小作的盘子和万方发展。小作两次突破531而雷同此位置机,True,0.9235771300617435
短期必须上8.20，融资开始,True,0.9489822222640137
明天大概率冲高回落，参考浙江建投。,False,0.19731586293098902
$吉电股份(SZ000875)$,True,0.7270302532171637
转发,False,0.5
交易节奏,False,0.4470348979733634
好股股，好主力，已经连续涨了4个月[吃瓜][吃瓜][吃瓜][吃瓜][吃瓜][吃瓜,False,0.21739713831654517
真 ，棒,True,0.9512964253128351
真棒,False,0.5
周一开盘买入“博威合金”，高速铜连接一哥，英伟达供应商（间接）、华为昇腾910C,False,0.08870615211682353
凡是定增票绝对不碰,False,0.0035031574670549848
热度这么厉害，持续这么久,False,0.44663361141385405
$吉电股份(SZ000875)$,True,0.7270302532171637
走趋势了,True,0.6350567987836572
中国电力一直想回A股，之前重组失败，经过这两年的整合，后期还是有希望的，吉电手里,False,0.2687362488772682
理性分析。早安。正丹股份。正业科技。正虹科技。正字辈。家人们霸榜是人气高的表现，,True,0.9999392900040835
【高盛最新观点！】,True,0.9121699883786983
呼家楼平铺电力，看看谁来抬轿,False,0.0048333085551417465
前面解禁，现在准备拉高出货了,False,0.4979096890345339
2024.5.24吉电股份是涨停式突破,True,0.9832989103807244
老子提前说涨停，果然如此，，，,True,0.8207660638254277
5.54,False,0.5
拉高出货的主。,True,0.5700281158585506
热度还那么高，周一看大概率冲高回落割韭菜,False,0.48744019547795314
逆势抓强庄股,False,0.17873807552810117
整个电力板块被你带崩,False,0.1905158137632299
鼓吹重组，忽悠接盘,False,0.004881463104511763
15年很牛,True,0.6484621932824743
去年重组失败的电力，难道今年会熊起,False,0.2507196564257709
明显放量拉高出货。,False,0.47086472365900567
我想探讨一个问题，周五的盘口不知道大家注意到没有。涨停后来回撤单然后封涨停。我想,False,0.12060254430740447
巧用CCI 指标抓涨停板！,True,0.9987788128511402
电力+清洁能源+央企吉电股份触及涨停05-2410:50异动原因揭秘：行业原因：,False,0.16098947475302006
公司原因：1、公司以新能源、综合智慧能源、氢能、先进储能及火电、供热、生物质能、,False,0.02747130230117134
周一开盘也有可能负3个点,False,0.024650292441810717
电力，新主线,True,0.6362109203508156
涨停板！继续涨！涨停板！继续涨,True,0.9930082560264559
无逻辑思维,True,0.7238435114282973
呼家楼3个亿的货谁接盘谁，就像我爱我家方新侠2个亿一样，周一直接地板，方新侠,False,0.07298528155071016
图形很好，周一板了[得意],True,0.9586810536912103
风光股份301100下一个正丹,True,0.8708604645907747
3.46进的，5.54出，想得真特妈美,True,0.7245357258622233
好消息，吉电深港通踏空本轮主升除了JPMOGEN常年不动，实际北向吉电底仓还有4,False,0.05536008235444112
今日复盘我的中通客车我爱我家今天亏损不少，炒股就是这样没有百分百盈利的，我从不回,True,0.684616759833641
吉电股份:国泰君安证券股份有限公司关于吉林电力股份有限公司董事长辞职的临时受托管理事务报告,True,0.9974513962455726
10倍股,False,0.15522000564288418
周一高开3一4个点快速回落然后大单跟进封板,False,0.013429515593269548
估计图们江入海口一事有消息了,False,0.1211178844267049
热度上升太快太高不是好事，妖股都是偷摸的涨，等热度上来被你发现了，已经是几板后的,False,0.40695357629304396
这么便宜的电力股我都是直接梭哈的，我很少梭哈，今年就三次,True,0.6156042379375272
热度太高，往往是为了吸引人气割韭菜，猜测周一应该还有点惯性冲高溢价，冲高回落收长,True,0.8298601498396623
电力+融券不能出借大利好！主力能不能格局几天！顶几个板！！！[看多][看多][摊,False,0.056545404550713
周一若低开或平开即跟,False,0.12498220353900857
客观看待增发事件但吉电的预期差还是非常大的增发后续国家电投的运作还是很关键的,True,0.9001711161936169
不要忘了增发这个超级雷,True,0.9015823190251029
〖吉电股份定位〗,True,0.8327810961022301
夜深了，人静了，说几句心里话！,False,0.15410446783907505
中元股份---电网设备周一补涨小盘创业板股！,True,0.8501284296030891
一下子多了很多人，哪位大神解读一下目前的情况，谢谢。[吃瓜],True,0.962046051360923
东方财富证券拉萨东环路第二营业部今日净买入4832.7万,True,0.891525635556575
《吉电股份》（000875）业绩逐年呈增长，估值纵横地板上。底部区域异动时，价升,False,0.30200718169082186
5月24日龙虎榜：2.67亿抢筹吉电股份 机构净买入14只股,False,0.42639054617549943
【电力股迎利好集体拉升！】,False,0.3160470776386387
人气榜第六,False,0.4388990380880131
周五拔苗助长，周末呐喊，周一韭菜赶紧接货吧，不然又得上下折腾，反正早晚都得接,False,0.010974831675893082
呼家楼一个人买了近3个亿。这这这，不好接。,False,0.20650097856852756
拔剑四顾心茫然。欲渡黄河冰塞川将登太行雪满山。闲来垂钓碧溪上忽复乘舟梦日边。我四,True,0.9454817615707524
物极必反太火了不敢入,False,0.23918889708481772
涨停板！继续涨！涨停板！,True,0.9857978222712286
$吉电股份(SZ000875)$,True,0.7270302532171637
A股市场实时排名第三名，吉电股份的高光时刻,True,0.5438074486697636
今日实战分享！各位股友中午好，胜败乃兵家常事，今日出局：高新发展、中通客车，如今,True,0.9986168513593511
新能源时代看好几点,False,0.22550376981273057
吉电股份(000875.SZ)：定增股票申请获中国证监会同意,True,0.9066432696405474
机构净买入达2.67亿元，中信证券是第一大买家，下周一直接一字板，坚定持股待涨了,True,0.7979800312661421
昨天卖今天涨停，什么破运气,False,0.31006445594731336
多的不敢透露了,False,0.43486394786670857
吉电应该有自己运行的规律，今天游资大佬来搞，是几个意思啊。。。难道电改是下面的主,False,0.154862460325092
重磅政策加码！电力板块集体大涨，多只个股涨停！,True,0.6068360266127705
呼老板说：3个亿封不住的话，我还可以再买3个亿，没什么板是我3个亿封不住的，如果,False,0.006078857396848325
耐心等待2.88会到的，[微笑]周补跌跌停板[微笑],True,0.8724017842125701
这个还行！回档考虑哈！,True,0.6663767053501459
一般不会推荐st票，但我想说的是亿利洁能入手了100手，严格控制不加仓，放在那当,False,0.21452013142209636
下周继续涨停，至少8个板,False,0.3100161167862231
顶级大佬GJD呼家楼来抢筹了！吉电股份星期一巨单封一字涨停板！,True,0.9776071156231857
算今年都套3年了，这才涨点，不多，,False,0.3058443305585218
吉电股份各方面看后市空间真的巨大。,True,0.7998299996167529
才启动，信不信由你,False,0.10663842130287837
势度太高不是好现象,False,0.24523750130026778
5月24日龙虎榜：2.67亿抢筹吉电股份 机构净买入14只股,False,0.42639054617549943
不分红,True,0.5418616309462884
多主力现身龙虎榜，吉电股份涨停（05-24）,True,0.7380072704263689
能不能连板,False,0.34527875471283087
今天清仓，华设集团的股票，开盘都买进吉电股份。25000股。没想到主力一个涨停，,False,0.33798641017984543
二月底部上来的一大批电力股都翻倍了，这个翻倍得6.8不够强势,False,0.002385245516506096
国家电网，国家电网，国家电网，下周是机会,True,0.9683412309537703
16的本随便折腾,False,0.060038049917935044
好像加仓,False,0.22457808718531713
周一绝对低开,False,0.23541048440235912
人生一直在上升,True,0.8533333333333332
百年未有之大变局，东北雄起。,True,0.7719882016346745
一致看好后市看涨,False,0.16457457239829798
涨停板卖了一半，第六感好像卖错了,True,0.6083367432335763
数据复盘：32.87亿净流入电力 龙虎榜抢筹吉电股份,True,0.9828118912187652
换董事长,True,0.5802734518895527
最少也要冲击11元,False,0.14726700331325848
这个夏天就看你了吉电,True,0.5683718882689996
割了就涨停，没有一次不灵,False,0.2544185484114946
看看工商银行的市盈率，再看看吉电的市盈率，有什么不放心的，坐等拉升。,False,0.003232624249024818
吉电股份当日收报5.54元，涨跌幅9.92%，偏离值11.1%，换手率6.79%,False,0.4598398477281701
吉王，王者归来。,True,0.9847879466174569
下周准备吃面，可能补跌,False,0.44767845850986676
8块的还在,False,0.3508185614032723
吉电股份:吉林电力股份有限公司向特定对象发行A股股票募集说明书(注册稿)(2023年年报更新版),False,0.4241651064474852
2024.5.24收盘,True,0.6429335818357281
5月13日建仓的吉电股份，几经调整，终于迎来了今天的涨停……[微笑],False,0.20260936098407045
它定增价格是多少钱啊,True,0.5203947712283361
新质生产力，我认为本年必炒作，当然了信不信由你，不喜勿喷啊，拜托,False,0.0011814915474320786
应该有投黄金的大佬吧，最近517520这里也是持续走强，近三月反弹28%,True,0.9368989994510771
巨量,False,0.5
早盘开仓吉电股份，明星电力、上海电力等个股跳空高开开走，不给清仓的人买入机会，整,False,0.09081479333742903
过个生日居然有意外惊喜,True,0.9742903349411222
割了广州发展，买了你，别炸板了,True,0.6649058523523373
没有龙虎榜,True,0.8113717172248371
打板进的，看好下周,False,0.20652342754869613
"这票是我入股市第一次吃板的票，2021.7.30,记得是连板，这次希望继续",False,0.3607939729027869
早盘开仓吉电股份，在明星电力，上海电力等高开高走的情况下，板块所有个股都轮翻上涨,False,0.034307831589190596
听朋友说今天5.08又加仓了一千万。,False,0.264683392663438
各位注意顶板的排单变化，看懂了的知道该咋办，欢迎打脸,False,0.16555928284122512
我又觉得自己行了,True,0.5495207667731629
抖音说的都是真的，没事还要多刷抖音[呲牙],False,0.013830511676713897
赶紧崔成跟黄河水电的重组，做大做强绿电,True,0.6607970671312554
大资金净流入排两市之首，这股有龙头风采,True,0.9582673084579748
这个主力能出来了，它也在瑟瑟发抖吧,True,0.8020859269935734
《吉电股份》周K组合多方炮,False,0.2620355884831065
资金净流入居两市之首。龙头风采,True,0.9962778761353398
有点消闲派的感觉,True,0.6806968651723635
下周补跌,False,0.4737672181921908
收工...收工...可以过过好周末.....以前ST吉电竟然变化如此之大。世事无,False,0.13994478313362646
《吉电股份》业绩逐渐呈增长，估值纵横地板上。底部区域异动时，价升量增适建仓。[福,False,0.336961108109738
没啥大不了,False,0.22812919155324207
吃大肉了,False,0.5
从4块看到5块多了,False,0.13229763785908288
今天先岀来！周一回调-5%再进！,False,0.026561332536977678
涨停了个个是股神，跌的时候动不动都是托,False,0.10018387821807184
10点开板时买了20W股，周一不会有问题吧，有点担心~~~,False,0.06907254780374772
完了昨天卖了，,True,0.6481344967832301
下午开板,False,0.4844449485763629
感动中国,True,0.949970274906611
昨天没敢进，大盘这行情不敢动呀,False,0.29863982120203325
被冼走5万股，这主力玩的6，反复开板。,False,0.11250942125997032
心里畅快多了。解套了[大笑],True,0.8948548853881196
今天就这样了，散了吧,False,0.4328358208955221
昨天就知道，够托出来叫唤今天果然涨了，真是反向指标,True,0.9865019803814844
国电投换帅，吉电也换帅，内部那么多公司，一盘散沙，就博一把他会整合重组，光伏前段,True,0.9619675065134844
电投产融涨停了！,True,0.9028181403341917
为啥一下打开一下几十万封单，又打开又几十万封单，这是干嘛呢[为什么][为什么],False,5.485680104178048e-05
吉电股份涨停 绿电板块持续拉升 长江证券：行业底部已现,True,0.829494352979978
星期一再来个一字板，坚决看好吉电，振兴东北，助力高质里发展,True,0.9464354776052695
千年等一回，一瞥相如故,True,0.8092211167896323
哦嚯，硬起来啦,False,0.4737672181921908
生日快乐,True,0.9606373884526408
显现切加[抱拳],True,0.5221655364466978
三年了，第一次，真不容易[哭]明天再来一次可以回本,False,0.09123572983945294
吉电股份吧,True,0.76668065251232
下一个明星电力,False,0.436155662406278
今天有点牛噢，我才刚建仓[旺柴],True,0.9002412074101676
价升量增过前高,True,0.5895850555679906
PE才不到7，业绩增长20%以上的电力股，就好好抱着吧,True,0.6419446836813244
底部区域价升量增央企绩优低估值,True,0.6783124803713383
众业达8.7元派3，收益0.25元，净资产8.62元 小盘智能电网等,False,0.30904332390027967
趋势上了，继续加速主升,False,0.44084906641125354
周五涨停，吸引眼球，下周岂不惊天动地吖,False,0.13629538596494695
尾盘诱多,True,0.6310534887587941
瞬间几十万手撤单[大笑],True,0.815400670018656
完蛋玩意，我等5元加仓呢。,False,0.020157457628480202
封板资金一直大幅度变化，这是为啥啊,True,0.5576904195595282
封不住,False,0.10328565761470765
绿点机制,False,0.2784174005786142
今天要清了,False,0.5
对这股太不了解，也就一哆嗦,False,0.06948690027899662
明天又是核按钮,False,0.26909317164509794
电力标的相比较业绩尚可价不高,True,0.8521529332613313
爽。,True,0.8636363636363636
就怕周一低开啊关键,False,0.3790806450708093
买单很有意思啊，656牛不牛，757气不气，或者起不起，1744一起试试[大笑],True,0.85381908588308
昨天割肉，[大哭],True,0.762873843024175
电力板块低价央企,False,0.12991451555156797
国际地区冲突和人工智能导致电力紧张,False,0.3476614115184523
今日涨停，看起来强势,True,0.9313095847756484
不是吃肉的命，从5.13起到5.30卖出了7000股[哭],True,0.6520566638735594
感觉换庄了,True,0.6538155209609077
昨天刚买了10万，哈哈今天直接刚来,True,0.5593972501015232
减了一半了，就涨停，真想骂娘,True,0.5761114890720862
《吉电股份》价升量增过前高,True,0.809518564993208
烂板出妖股,False,0.38932477737775795
鸡店频繁的几十万手挂单撤单挂单撤单是啥意思。,False,0.0025336614477680097
把你们的筹码都交出来有多少要多少[大笑][大笑][大笑],True,0.9040213858669199
加仓的兄弟们，发财了,False,0.1570204935977071
卖了广安换成吉电，广安就涨停了，正拍大腿了，吉电又板了[大笑]主力顺手把节能也拉,False,0.07397196795231586
刚才涨停是什么鬼,True,0.6562360180101481
电力板块已经六个涨停了，吉电还是弱,False,0.11718406336365483
难得一次超过上海电力的，坚持住啊,False,0.27708931653676006
《吉电股份》业绩稳步呈增长,True,0.9283297627452577
吉电，明天收盘价5.20元，坚定持股。,False,0.07488292248051931
我要变成你的超级粉丝了。[大笑],True,0.8606588471610993
牛皮！！！,False,0.41258069071532955
吉电股份5月24日打开涨停,False,0.22486463044830174
吉电股份5月24日盘中涨停,False,0.2271363910993146
《吉电股份》底部盘升递增量,False,0.16765322087983958
开启涨停模式,True,0.5654058318512084
吉电股份5月24日盘中涨幅达5%,False,0.10676941305018794
买不完，根本买不完,False,0.4579318618820978
人类离不开电力,True,0.593424286293198
吉电股份5月24日快速上涨,False,0.17491119313964765
昨天刚买了10万，哈哈今天看来要涨停了！昨天是最后的洗盘！！！,True,0.6552398674671737
对这个公司，有点恨铁不成钢的意味，来来去去几回了，每次高点都是满怀信心，翻身向下,False,0.29986228204875587
一、企业和专家座谈会国家电力投资集团：上海电力、吉电股份、电投能源、电投产融、远,True,0.6251151534972034
吉电股份：连续3日融资净偿还累计3313.29万元（05-23）,True,0.865151151041395
国电投董事长首席发言,True,0.8514909099985688
最少要调到10周线,False,0.09972615108207106
明天4.93补仓,False,0.16081882539314718
504进去2万股，尾盘卖,False,0.009749674409016529
4.8必到,True,0.6774921075767265
我在4.8/4.5守候,True,0.7826653358894131
总不可能跌破5块吧！,False,0.023713733442562113
吉电股份：公司大力发展风电、光伏等新能源项目 并积极拓展综合智慧能源、氢能、储能充换电等新业态,False,0.4070768173728745
进了早了点，小套，安心等待了，从一季报看今年1毛的分红应该还是有的，还得感谢国九,False,0.4784618433771184
吉电股份：公司以绿氨、绿甲醇消纳绿氢,True,0.7621949676094558
请问公司的清洁能源优势体现在哪些方面，请举例说明,False,0.006114023120355916
董秘你好，公司可能面临外部环境风险。根据碧湾APP分析，随着电力体制改革的持续推,True,0.9998435647166416
贵公司有那些资产是核心资产呢,True,0.9838681930167098
贵公司是不是也在做碳交易呢,False,0.11500856501620171
千万别碰，有毒，5.24/0.8=5.3，5.3*0.9=4.77，5.3*0.,False,0.008348367371304621
不可能破5吧！,False,0.11010708023808391
明天探底回升,False,0.2637018024682164
昨天说了大阴线,True,0.5654466962576107
干啥啥不行，第一名,False,0.07138164651774526
破5重新建仓。,False,0.11747927095891963
没长过，有脸跌,False,0.4737672181921908
别的电力股是涨多了才跌，你没涨跌个毛线啊！,False,0.09126484973909887
今天买，下星期二，三卖，到弄反了,False,0.12319668811739815
老鸭一张，光芒万丈,True,0.8896537540973194
破5进4，庄家,False,0.028319741517772612
短中期趋势,True,0.7523591700534367
时代的弃儿，转型转回亏损火电和供热。,False,0.2961509352839313
最烂电力股,False,0.003945949221784151
1330绿板一个,False,0.45239096472125984
明天涨停，真涨停了别调查我，我乱说的,False,0.056692330106431155
吉电股份：融资净偿还2145.14万元，融资余额6.76亿元（05-22）,True,0.9953216631472839
$吉电股份(SZ000875)$,True,0.7270302532171637
吉电股份-推动高质量发展 提振投资者信心——2024年吉林辖区上市公司投资者网上集体接待日【全景路演】,True,0.9999996670004637
吉电股份的股东有中信，量化交易的先锋。这个股的心电图分时线就是典型量化交易搞出来,False,0.07806532125540377
老鸭头,True,0.7838608455988002
，我都懒得做t,False,0.08367951951835584
不能乱说涨跌了,False,0.1223002419652206
明天大阴向下变盘,False,0.2512291667269052
明天高开,False,0.28306982200892084
有种来根大阴线,True,0.7117386150509815
楼上那群万手哥你们无聊不,False,0.141973381490341
光伏都带不动你个垃圾,False,0.06633228520047474
定向增发要二十天平均价计，所以打压5元左右。还要十多天！,False,0.020840699155993958
远东的能源一旦大量进口，距离优势，东北是第一受益者，低价的能源，可以吸引更多人建,False,0.20913541067335617
居然不让评论，515买进去了2万股，尾盘看看清仓,False,0.0011162991571207481
搞了一天，玩了寂寞,True,0.8905318165235724
$吉电股份(SZ000875)$,True,0.7270302532171637
耐心等重组,True,0.6610915504509735
定增没完成，一直就这样了，左右徘徊！可能三月，可能半年，也有可能一年！仙股了！,True,0.8631025130807406
顽劣之徒，就该啪啪打脸,False,0.29727463463263115
既然不涨就跌破呗。,False,0.08062829884797396
死叉，小心,False,0.22828356787486082
开始织布，变僵尸股了[大笑][大笑][大笑][下跌][下跌][下跌][下跌][下,True,0.8855183587315704
515买进去2万，尾盘做踢清,False,0.017726311468251987
难受,False,0.31034482758620674
这种垃圾，从来没硬过,False,0.04056412007860566
我在想一个问题，股东户数少了一万四千多，就算每户原来持有三四万市值，也是四五亿多,False,0.20242742575481254
兄弟们，还在这里格局啊，都来淮河能源看看[大笑],False,0.04817194404697889
用电高峰来了，即将大涨,True,0.9635014542645509
坐等主力给17万小散抬轿[大笑],False,0.094974062568277
吉电股份：融资净偿还542.08万元，融资余额6.97亿元（05-21）,True,0.9953216631472839
吉电股份(000875.SZ)：截至2024年5月20日，公司股东总户数172916户,False,0.19490033172361898
什么时候完成定增,True,0.6106054830495538
吉电股份05月21日被深股通减持17.4万股,False,0.3298701521578008
你们可能没注意，远东可是有很多煤炭的，这200亿火电，有没有可能已经知道，从远东,False,0.2316937921661234
吉电股份股东户数下降1.40%，户均持股8.37万元,False,0.3047073508811695
看了一下月线，这个月还是有机会突破6元的,True,0.8344240923487952
牛鬼蛇神一出，周一必破5元，4字头见[下跌][下跌][下跌][下跌][下跌][下,True,0.5287042743017041
吉电股份:关于参加网上集体业绩说明会的公告,True,0.983672613448853
吉电股份:关于召开2023年度股东大会的提示性公告,True,0.958232788013919
又来大投入了,True,0.5462436667506082
山西氢能发展如火如荼，例如山西鹏飞和山西美锦能源不断拓宽氢能的应用场景，贵公司如,True,0.9796562560326507
吉电股份：公司大力发展风电、光伏等新能源项目，并积极拓展综合智慧能源、氢能、储能充换电等新业态,False,0.4070768173728745
昨天失手买了吉电股份，东方集团这种烂股，几天各赔了4分钱割了。真烂。换了淮河能源,False,1.4703946726868367e-05
此股不涨就跑吧,True,0.527679141631082
电力调头5.11马上砸穿,False,0.061683116586194964
无底线,True,0.6516043658219743
群里有人埋怨说吉电股票是散户太多了影响了股价上涨。意思是让大多数散户都交出筹码而,False,0.4961577638780714
后悔看了你的市盈率买了你，今天进来就套,False,0.07941839775618398
小散户已经成功入套，可以放心跌下来了,True,0.5644978909778227
吉电股份：融资净买入466.01万元，融资余额7.03亿元（05-20）,True,0.9984356754242196
浅谈吉电股价的趋势！,True,0.8584376882614009
不要涨上去，我踢了还没买回来啊！明天跌5个点,False,0.024357569217193342
吉电股份05月20日被深股通减持44.36万股,False,0.4019240521075417
不用深跌，明天随大盘跌5个点，都不叫唤了。,False,0.04785667098050328
吉电涨不了，是被“定增”坑的。一些人只是定增想定增“8，亿多股，达55亿。”如果,False,0.30807381377796295
谁能分析分析这股到底咋回事，两年了也不涨啊，涨的时候人家涨停，他涨一毛，跌的时候,True,0.8599412133902248
吉电定增就是空麻袋套股份！大家看清楚大股东本质！,True,0.9739701462765642
俄罗斯东向发展战略，对振兴东北有重大意义，特别是能源贸易。,True,0.9996510697770501
吉电绿氢上了经济日报社,True,0.6038973587152954
MACD“三点绿”实战用法，能知道的人很少！ | 0基础学投资,True,0.9949288384888602
吉电,True,0.5488629317126373
还不到4.8,False,0.3907974539713116
大家下午好，我是你们的五哥[上涨][上涨][发财][发财]午盘介入各股，特变电工,False,0.0028492073838419785
和湖南发展2选1选了吉电。。。希望后期能给力点！,True,0.9654674272239062
收盘收到519,False,0.49284884873948376
一步一步向上爬，卖了下午追高买,True,0.963926960446822
收520比较好,False,0.2805671329024403
东北振兴复苏，电力需求大，俄罗斯对中国东北地区电力需求增大，吉电业绩绝对大挣，放,True,0.9995414547918312
5.20收了，这票没啥出息就这点特点。,False,0.020683373239958613
高抛低吸，等待回调！,False,0.1139259088215534
垃圾,False,0.12698412698412687
明星涨停了，吉电还在趴窝,True,0.7788424854962663
庄拖可恨，明星电力没人喊买涨停，吉电天天喊买，，，,True,0.9033678841955315
倒数第一,False,0.1360082619797205
